event_id,entity_id,event_type,event_date,notes
EVT0001,ENT006,Manual Review,2025-11-17 20:43:42,Season listen else easy.
EVT0002,ENT023,Account Created,2026-01-31 07:56:52,She miss phone ever back.
EVT0003,ENT035,Manual Review,2025-09-16 15:41:30,Even floor music catch discuss.
EVT0004,ENT014,Manual Review,2026-02-22 04:35:36,Relationship ask imagine my.
EVT0005,ENT014,Manual Review,2025-11-06 03:48:33,Deal information toward once.
EVT0006,ENT018,Repeated Transfers,2026-02-22 19:15:23,Task she herself.
EVT0007,ENT019,Repeated Transfers,2025-05-30 23:28:04,Fear hope through structure Mrs same.
EVT0008,ENT036,Unusual Activity,2026-04-04 07:49:27,Today major event magazine home protect something right.
EVT0009,ENT009,Unusual Activity,2026-04-20 02:35:35,Try wonder move trade option production base.
EVT0010,ENT032,Repeated Transfers,2025-11-11 03:28:23,Term consider employee force.
EVT0011,ENT004,Account Created,2025-11-21 06:37:02,Front they everything week instead strong.
EVT0012,ENT007,Manual Review,2025-11-27 08:05:23,See appear weight.
EVT0013,ENT002,Account Created,2025-08-23 18:24:52,Sit prepare senior wear.
EVT0014,ENT011,Manual Review,2025-08-14 02:41:19,Perform draw list.
EVT0015,ENT030,Account Created,2025-07-12 02:41:57,Way let eight hard paper white responsibility.
EVT0016,ENT028,High Value Transaction,2026-03-26 18:03:29,Who blue agent find.
EVT0017,ENT009,Repeated Transfers,2026-02-15 17:50:48,However resource away real physical big.
EVT0018,ENT011,Repeated Transfers,2026-03-24 16:33:22,Sure outside building worker site.
EVT0019,ENT006,Repeated Transfers,2025-10-10 12:41:10,Into have media game support state black.
EVT0020,ENT017,Account Created,2025-10-16 08:20:58,Religious itself safe whole establish space Mrs.
EVT0021,ENT024,High Value Transaction,2025-12-02 11:02:09,Itself room environmental system store beautiful think.
EVT0022,ENT004,Manual Review,2025-08-31 09:29:04,Now property from management foot maintain great.
EVT0023,ENT020,High Value Transaction,2025-09-06 00:31:53,Evidence other they new might course.
EVT0024,ENT028,Account Created,2025-08-30 10:06:50,Major serve real position make society.
EVT0025,ENT007,Account Created,2025-07-03 19:49:57,Develop reality fill ok list.
EVT0026,ENT014,Manual Review,2025-12-20 21:03:48,International second former reflect even edge.
EVT0027,ENT005,High Value Transaction,2025-07-14 13:06:24,Firm sea week real course.
EVT0028,ENT038,High Value Transaction,2026-03-11 12:48:24,Everybody operation set others wonder strategy fast.
EVT0029,ENT034,Manual Review,2025-10-15 20:10:04,Few remain call animal.
EVT0030,ENT001,Account Created,2025-06-18 20:43:54,Factor want point sell bill activity expect.
EVT0031,ENT022,Account Created,2025-11-30 14:27:08,Future whole education technology box assume.
EVT0032,ENT028,High Value Transaction,2025-12-05 15:55:21,Officer rather charge specific.
EVT0033,ENT031,Account Created,2025-09-23 16:27:53,Yes budget share paper.
EVT0034,ENT015,Manual Review,2026-03-31 18:45:04,Difficult mission late kind team wrong figure perform.
EVT0035,ENT006,Account Created,2026-01-20 10:41:03,Way debate decision produce.
EVT0036,ENT007,Repeated Transfers,2025-07-28 16:23:26,Community avoid able late order.
EVT0037,ENT024,Repeated Transfers,2025-09-18 19:14:45,Discuss religious reflect.
EVT0038,ENT009,Manual Review,2025-11-21 00:23:28,Reach under skin person.
EVT0039,ENT009,High Value Transaction,2026-02-09 11:11:06,Interesting name positive training step.
EVT0040,ENT005,Unusual Activity,2025-06-25 10:06:01,Coach film see notice.
EVT0041,ENT037,Account Created,2025-09-17 18:33:29,Buy read record wall matter management.
EVT0042,ENT040,High Value Transaction,2025-06-28 22:17:05,Always it focus economy before while structure offer.
EVT0043,ENT029,Repeated Transfers,2025-06-05 17:52:26,Office several compare million kind.
EVT0044,ENT014,High Value Transaction,2025-09-13 17:07:10,Young job sport why.
EVT0045,ENT027,Unusual Activity,2025-11-27 05:19:36,Impact fly bit claim in many.
EVT0046,ENT029,High Value Transaction,2026-02-10 00:14:19,Spend nearly lawyer fire follow wife.
EVT0047,ENT006,Account Created,2025-11-01 15:41:49,Stay ability thank left approach million performance.
EVT0048,ENT009,Account Created,2025-12-08 06:48:17,Kind appear environment capital explain thing machine ahead.
EVT0049,ENT038,Manual Review,2026-01-28 08:44:44,Son report financial add impact different success box.
EVT0050,ENT023,Manual Review,2025-07-13 07:22:34,Marriage respond meeting event.
EVT0051,ENT021,High Value Transaction,2026-04-17 20:42:12,Woman during necessary himself two meet these.
EVT0052,ENT016,Repeated Transfers,2026-04-29 05:49:38,Everybody so increase various.
EVT0053,ENT006,High Value Transaction,2025-12-11 20:58:14,Star executive fear only your.
EVT0054,ENT036,Unusual Activity,2025-12-04 20:17:28,Land machine forward several.
EVT0055,ENT039,Unusual Activity,2025-10-22 04:21:54,Usually thank wonder draw him task improve.
EVT0056,ENT019,Account Created,2025-09-29 06:07:50,Relate specific history professional star wonder manager.
EVT0057,ENT020,High Value Transaction,2025-06-12 01:33:37,Maybe opportunity thank them.
EVT0058,ENT034,Unusual Activity,2025-11-15 16:27:49,Moment lead reveal improve.
EVT0059,ENT033,High Value Transaction,2026-02-06 23:31:00,Avoid sit enter perhaps.
EVT0060,ENT026,Repeated Transfers,2025-10-30 01:19:32,System system teacher here.
EVT0061,ENT004,High Value Transaction,2025-09-28 16:00:30,Responsibility service their along attention piece TV young.
EVT0062,ENT032,Manual Review,2026-03-14 16:52:46,Its better plant their.
EVT0063,ENT008,High Value Transaction,2025-11-16 23:53:46,Really tough animal someone.
EVT0064,ENT032,Unusual Activity,2025-09-19 14:53:54,Hear certainly most not society color.
EVT0065,ENT005,Unusual Activity,2025-06-28 08:33:03,That people drive tree central leave effect effort.
EVT0066,ENT001,Repeated Transfers,2025-06-01 08:06:10,Top quality citizen kid generation onto police.
EVT0067,ENT021,High Value Transaction,2025-11-09 11:21:30,Lead few yourself table blood.
EVT0068,ENT025,Unusual Activity,2025-10-23 19:05:07,Grow fast recognize against stop how account.
EVT0069,ENT027,Repeated Transfers,2026-04-29 15:31:30,Treat seat strategy.
EVT0070,ENT035,High Value Transaction,2026-05-14 08:28:33,Simply discover soon despite couple.
EVT0071,ENT031,Account Created,2025-09-03 00:31:24,Pick tough position final.
EVT0072,ENT002,Unusual Activity,2025-11-15 21:16:56,Often run bed.
EVT0073,ENT005,Account Created,2025-09-20 07:08:28,Section compare car much will most.
EVT0074,ENT017,High Value Transaction,2026-05-18 10:49:41,Store either station loss southern.
EVT0075,ENT003,Account Created,2026-03-14 14:56:59,Sound life away senior difficult put.
EVT0076,ENT026,Unusual Activity,2026-02-14 14:26:02,Whose source hand so add Mr.
EVT0077,ENT019,Unusual Activity,2025-11-21 07:25:31,Pull public once state wait board.
EVT0078,ENT027,Manual Review,2025-08-27 11:53:26,Agent this no trip determine as statement.
EVT0079,ENT026,Account Created,2026-05-16 20:37:10,Power bring animal also you.
EVT0080,ENT035,Unusual Activity,2025-07-12 18:50:01,Doctor Mr home he.
