transaction_id,sender_account_id,receiver_account_id,amount_usd,transaction_type,transaction_date,status,source_system
TX00001,ACC0026,ACC0040,6562,Refund,2025-06-21 05:27:48,Pending,Manual Report
TX00002,ACC0016,ACC0032,3706,Transfer,2025-11-01 01:12:53,Completed,Bank Export
TX00003,ACC0076,ACC0071,3795,Deposit,2026-03-07 11:57:18,Completed,Bank Export
TX00004,ACC0010,ACC0081,989,Payment,2025-10-07 11:02:31,Completed,Bank Export
TX00005,ACC0043,ACC0010,8448,Payment,2026-04-04 14:34:31,Completed,Manual Report
TX00006,ACC0028,ACC0070,2192,Deposit,2026-04-28 07:52:57,Flagged,Manual Report
TX00007,ACC0032,ACC0061,13255,Withdrawal,2025-07-10 02:58:25,Completed,Bank Export
TX00008,ACC0013,ACC0056,5829,Withdrawal,2025-09-02 06:09:27,Pending,Manual Report
TX00009,ACC0007,ACC0013,1018,Withdrawal,2025-08-11 02:15:41,Completed,Bank Export
TX00010,ACC0032,ACC0025,3141,Deposit,2025-08-10 13:23:16,Pending,Wallet Export
TX00011,ACC0055,ACC0024,4588,Withdrawal,2025-12-22 23:03:28,Completed,Bank Export
TX00012,ACC0057,ACC0071,1629,Transfer,2025-11-18 21:53:37,Flagged,Bank Export
TX00013,ACC0012,ACC0031,2749,Withdrawal,2025-07-22 03:06:22,Pending,Manual Report
TX00014,ACC0028,ACC0052,14810,Transfer,2025-11-08 12:44:03,Completed,Manual Report
TX00015,ACC0001,ACC0050,4370,Withdrawal,2025-08-07 22:44:41,Completed,Manual Report
TX00016,ACC0072,ACC0063,2561,Payment,2025-09-13 20:44:29,Completed,Wallet Export
TX00017,ACC0008,ACC0075,12079,Deposit,2025-11-24 08:31:07,Completed,ERP
TX00018,ACC0008,ACC0007,9596,Withdrawal,2025-09-02 16:52:38,Flagged,Wallet Export
TX00019,ACC0008,ACC0066,1337,Payment,2026-05-03 07:18:44,Completed,Bank Export
TX00020,ACC0031,ACC0052,1989,Deposit,2026-05-22 05:58:17,Completed,Bank Export
TX00021,ACC0080,ACC0011,6893,Deposit,2025-06-26 23:09:02,Flagged,ERP
TX00022,ACC0034,ACC0027,10997,Refund,2025-11-16 18:47:25,Completed,ERP
TX00023,ACC0051,ACC0017,11029,Refund,2026-04-07 11:49:32,Pending,ERP
TX00024,ACC0010,ACC0002,7533,Deposit,2026-04-28 04:52:04,Flagged,Bank Export
TX00025,ACC0010,ACC0069,3517,Deposit,2026-04-26 02:42:07,Completed,Wallet Export
TX00026,ACC0045,ACC0009,14430,Payment,2025-12-28 09:54:58,Completed,ERP
TX00027,ACC0021,ACC0057,13685,Deposit,2025-07-05 17:05:16,Completed,Bank Export
TX00028,ACC0071,ACC0039,10893,Transfer,2025-06-17 08:01:47,Completed,ERP
TX00029,ACC0015,ACC0014,12188,Deposit,2026-02-05 22:56:36,Completed,ERP
TX00030,ACC0037,ACC0078,3475,Refund,2025-12-24 15:09:26,Completed,ERP
TX00031,ACC0065,ACC0063,4139,Transfer,2026-04-18 08:51:15,Completed,Manual Report
TX00032,ACC0036,ACC0006,83,Refund,2025-06-03 10:03:56,Completed,ERP
TX00033,ACC0021,ACC0057,9063,Withdrawal,2025-07-03 21:47:04,Flagged,Bank Export
TX00034,ACC0015,ACC0010,14493,Payment,2026-05-23 10:52:42,Flagged,Bank Export
TX00035,ACC0048,ACC0075,9077,Payment,2026-03-17 08:15:07,Pending,Wallet Export
TX00036,ACC0006,ACC0040,5999,Transfer,2026-04-23 06:55:48,Completed,Wallet Export
TX00037,ACC0032,ACC0014,5819,Deposit,2025-08-28 11:43:44,Pending,Wallet Export
TX00038,ACC0031,ACC0021,13130,Payment,2025-08-01 06:38:39,Pending,Bank Export
TX00039,ACC0023,ACC0043,12843,Withdrawal,2025-11-02 12:33:57,Completed,ERP
TX00040,ACC0021,ACC0014,6292,Transfer,2025-12-03 07:00:57,Pending,Wallet Export
TX00041,ACC0026,ACC0059,5753,Refund,2025-12-01 15:05:53,Completed,Wallet Export
TX00042,ACC0004,ACC0025,6553,Refund,2025-08-19 16:46:54,Completed,Bank Export
TX00043,ACC0036,ACC0045,10535,Deposit,2026-04-29 11:38:17,Pending,ERP
TX00044,ACC0004,ACC0015,14394,Refund,2025-10-31 10:28:44,Completed,ERP
TX00045,ACC0005,ACC0014,9799,Withdrawal,2026-05-14 03:53:22,Completed,ERP
TX00046,ACC0056,ACC0078,8404,Transfer,2025-06-20 11:02:02,Pending,Wallet Export
TX00047,ACC0033,ACC0006,11637,Withdrawal,2025-07-31 15:02:30,Completed,Wallet Export
TX00048,ACC0047,ACC0056,1171,Refund,2025-10-22 20:47:52,Flagged,ERP
TX00049,ACC0016,ACC0039,8333,Refund,2025-05-29 12:36:07,Pending,ERP
TX00050,ACC0052,ACC0038,9108,Payment,2025-10-27 07:30:25,Completed,Manual Report
TX00051,ACC0049,ACC0023,10109,Deposit,2025-09-08 16:23:02,Completed,Manual Report
TX00052,ACC0071,ACC0001,5003,Refund,2026-05-23 12:17:12,Completed,Manual Report
TX00053,ACC0075,ACC0078,10751,Refund,2026-03-29 04:34:48,Pending,Manual Report
TX00054,ACC0057,ACC0028,8400,Withdrawal,2026-03-29 14:26:54,Completed,Bank Export
TX00055,ACC0037,ACC0066,10901,Deposit,2025-11-21 09:29:52,Completed,Bank Export
TX00056,ACC0031,ACC0040,3705,Payment,2025-09-16 11:13:40,Completed,Bank Export
TX00057,ACC0006,ACC0032,7809,Deposit,2025-11-08 23:13:40,Completed,Manual Report
TX00058,ACC0054,ACC0081,9456,Payment,2026-02-23 05:12:57,Pending,Manual Report
TX00059,ACC0052,ACC0032,2442,Transfer,2026-03-08 09:18:55,Completed,Manual Report
TX00060,ACC0029,ACC0023,13199,Deposit,2026-03-28 21:58:16,Pending,Bank Export
TX00061,ACC0072,ACC0032,13924,Transfer,2025-12-30 12:38:55,Pending,Wallet Export
TX00062,ACC0060,ACC0068,9182,Deposit,2026-02-09 17:36:00,Completed,Manual Report
TX00063,ACC0079,ACC0065,7016,Deposit,2026-03-03 16:33:46,Pending,Wallet Export
TX00064,ACC0061,ACC0058,4271,Payment,2025-12-03 16:37:07,Completed,Manual Report
TX00065,ACC0081,ACC0031,4524,Withdrawal,2025-07-27 19:19:24,Completed,ERP
TX00066,ACC0031,ACC0035,5527,Refund,2025-08-10 10:29:20,Flagged,Bank Export
TX00067,ACC0018,ACC0020,3813,Withdrawal,2025-09-20 22:01:47,Completed,Wallet Export
TX00068,ACC0009,ACC0054,6703,Refund,2025-08-21 05:37:54,Flagged,Manual Report
TX00069,ACC0054,ACC0008,3413,Withdrawal,2025-06-20 09:36:58,Pending,Bank Export
TX00070,ACC0074,ACC0049,7839,Transfer,2026-01-08 14:51:50,Completed,ERP
TX00071,ACC0050,ACC0054,8843,Deposit,2026-03-10 10:04:48,Flagged,Wallet Export
TX00072,ACC0063,ACC0029,4496,Withdrawal,2025-12-25 06:08:17,Pending,Bank Export
TX00073,ACC0050,ACC0044,10983,Withdrawal,2025-06-21 08:40:41,Completed,Manual Report
TX00074,ACC0017,ACC0080,8776,Transfer,2026-03-15 04:09:00,Pending,Bank Export
TX00075,ACC0011,ACC0055,2248,Withdrawal,2025-09-27 11:31:16,Completed,Bank Export
TX00076,ACC0034,ACC0049,5388,Payment,2025-06-19 21:19:53,Pending,ERP
TX00077,ACC0044,ACC0049,4583,Withdrawal,2025-06-17 03:52:22,Completed,Bank Export
TX00078,ACC0061,ACC0003,12297,Deposit,2026-01-10 13:26:32,Completed,ERP
TX00079,ACC0029,ACC0009,12824,Transfer,2025-11-29 20:30:12,Completed,Wallet Export
TX00080,ACC0026,ACC0003,10204,Payment,2025-12-09 23:25:03,Completed,Wallet Export
TX00081,ACC0061,ACC0015,9265,Payment,2026-05-20 17:49:17,Pending,ERP
TX00082,ACC0048,ACC0022,9951,Deposit,2026-04-24 20:26:16,Completed,Wallet Export
TX00083,ACC0040,ACC0014,9506,Transfer,2025-12-20 22:58:00,Completed,Manual Report
TX00084,ACC0051,ACC0026,1270,Deposit,2025-07-28 19:53:30,Completed,Bank Export
TX00085,ACC0039,ACC0077,13222,Transfer,2025-06-19 18:40:06,Flagged,Bank Export
TX00086,ACC0045,ACC0069,7043,Refund,2025-12-11 21:49:01,Completed,ERP
TX00087,ACC0002,ACC0054,13498,Withdrawal,2025-06-28 19:12:19,Completed,Manual Report
TX00088,ACC0047,ACC0082,14632,Withdrawal,2026-04-24 07:36:00,Completed,Manual Report
TX00089,ACC0023,ACC0067,10682,Refund,2025-08-08 20:31:36,Flagged,Manual Report
TX00090,ACC0060,ACC0056,13553,Deposit,2025-06-24 07:10:39,Completed,ERP
TX00091,ACC0032,ACC0012,4594,Withdrawal,2026-01-14 18:38:30,Completed,Manual Report
TX00092,ACC0073,ACC0079,10972,Withdrawal,2025-06-24 01:57:13,Completed,Bank Export
TX00093,ACC0064,ACC0042,3004,Withdrawal,2026-02-14 21:56:58,Completed,ERP
TX00094,ACC0034,ACC0044,4606,Deposit,2026-04-28 09:14:58,Completed,Bank Export
TX00095,ACC0067,ACC0025,1427,Payment,2025-08-28 00:46:18,Pending,Manual Report
TX00096,ACC0072,ACC0031,11339,Withdrawal,2025-11-01 11:58:24,Pending,Manual Report
TX00097,ACC0003,ACC0012,4845,Payment,2025-07-14 05:56:12,Pending,Wallet Export
TX00098,ACC0040,ACC0075,6071,Withdrawal,2026-05-09 10:35:30,Flagged,ERP
TX00099,ACC0055,ACC0071,5444,Refund,2026-01-04 22:16:19,Pending,ERP
TX00100,ACC0040,ACC0033,3802,Transfer,2025-09-01 07:24:21,Completed,ERP
TX00101,ACC0016,ACC0069,12512,Payment,2026-01-08 12:25:45,Completed,Wallet Export
TX00102,ACC0062,ACC0036,11896,Deposit,2026-01-14 13:49:57,Flagged,ERP
TX00103,ACC0013,ACC0025,4878,Payment,2025-06-13 02:55:53,Completed,Wallet Export
TX00104,ACC0039,ACC0002,11625,Deposit,2026-01-24 05:33:59,Completed,ERP
TX00105,ACC0006,ACC0007,9091,Refund,2025-06-29 12:39:11,Completed,Manual Report
TX00106,ACC0014,ACC0002,9430,Refund,2025-11-07 11:58:18,Pending,Manual Report
TX00107,ACC0057,ACC0044,3045,Transfer,2026-02-07 23:40:28,Completed,Manual Report
TX00108,ACC0015,ACC0009,6590,Withdrawal,2026-01-10 08:43:57,Completed,Bank Export
TX00109,ACC0020,ACC0073,5003,Transfer,2026-01-03 04:48:33,Completed,Bank Export
TX00110,ACC0072,ACC0054,9958,Deposit,2025-12-17 17:12:02,Flagged,Wallet Export
TX00111,ACC0067,ACC0049,7406,Withdrawal,2025-09-28 13:17:35,Completed,Manual Report
TX00112,ACC0040,ACC0073,10199,Transfer,2026-05-26 16:36:22,Flagged,Bank Export
TX00113,ACC0027,ACC0081,3482,Refund,2025-09-06 23:01:29,Completed,Wallet Export
TX00114,ACC0031,ACC0023,9068,Transfer,2025-08-16 00:20:46,Completed,Bank Export
TX00115,ACC0053,ACC0058,11319,Deposit,2026-02-12 18:48:39,Pending,ERP
TX00116,ACC0005,ACC0030,4745,Refund,2026-03-02 19:54:14,Pending,Bank Export
TX00117,ACC0030,ACC0034,12932,Deposit,2025-09-27 16:55:06,Completed,Manual Report
TX00118,ACC0015,ACC0070,3708,Payment,2025-08-29 09:13:36,Completed,Wallet Export
TX00119,ACC0010,ACC0008,2743,Refund,2025-09-08 20:13:09,Flagged,ERP
TX00120,ACC0057,ACC0016,7704,Refund,2025-10-29 09:30:14,Pending,ERP
TX00121,ACC0065,ACC0070,8115,Withdrawal,2025-07-18 12:23:11,Completed,Bank Export
TX00122,ACC0056,ACC0042,9916,Refund,2026-02-13 13:07:08,Completed,Bank Export
TX00123,ACC0030,ACC0074,9644,Transfer,2026-02-03 09:00:57,Completed,Bank Export
TX00124,ACC0023,ACC0061,8527,Withdrawal,2025-09-22 04:41:16,Completed,Wallet Export
TX00125,ACC0075,ACC0056,10425,Withdrawal,2025-11-22 06:09:15,Completed,Manual Report
TX00126,ACC0045,ACC0053,5485,Refund,2025-09-28 11:29:51,Completed,Wallet Export
TX00127,ACC0043,ACC0053,11390,Withdrawal,2026-05-24 11:35:27,Completed,Manual Report
TX00128,ACC0071,ACC0005,7476,Transfer,2026-03-16 16:23:50,Completed,ERP
TX00129,ACC0042,ACC0015,12682,Withdrawal,2026-05-27 02:11:17,Flagged,Bank Export
TX00130,ACC0070,ACC0060,6795,Transfer,2025-06-25 20:39:48,Completed,ERP
TX00131,ACC0080,ACC0064,10271,Withdrawal,2025-06-01 07:20:19,Completed,Wallet Export
TX00132,ACC0035,ACC0071,2171,Refund,2025-11-22 16:02:35,Pending,Manual Report
TX00133,ACC0016,ACC0004,10347,Deposit,2026-01-24 22:08:10,Completed,Wallet Export
TX00134,ACC0040,ACC0071,249,Deposit,2026-01-02 07:59:36,Pending,Bank Export
TX00135,ACC0029,ACC0015,7585,Transfer,2025-07-06 12:24:19,Completed,Manual Report
TX00136,ACC0038,ACC0066,11582,Refund,2025-06-26 03:21:06,Pending,Manual Report
TX00137,ACC0061,ACC0032,7508,Deposit,2025-12-23 11:37:42,Completed,Manual Report
TX00138,ACC0025,ACC0077,8352,Payment,2025-08-19 11:15:16,Completed,ERP
TX00139,ACC0054,ACC0044,12930,Deposit,2025-12-11 03:41:58,Completed,Bank Export
TX00140,ACC0037,ACC0039,13746,Deposit,2025-09-08 16:21:34,Flagged,Manual Report
TX00141,ACC0020,ACC0058,8849,Withdrawal,2025-07-19 03:05:49,Completed,ERP
TX00142,ACC0071,ACC0070,6205,Withdrawal,2026-05-26 03:07:13,Completed,Wallet Export
TX00143,ACC0031,ACC0074,6299,Payment,2025-10-11 05:30:38,Pending,Bank Export
TX00144,ACC0041,ACC0061,11579,Withdrawal,2026-05-05 18:45:42,Pending,Wallet Export
TX00145,ACC0064,ACC0005,2093,Deposit,2025-06-24 09:41:38,Flagged,ERP
TX00146,ACC0013,ACC0057,1658,Deposit,2026-05-05 03:54:18,Pending,Bank Export
TX00147,ACC0019,ACC0053,14294,Payment,2025-08-31 13:24:29,Completed,Manual Report
TX00148,ACC0034,ACC0044,10236,Withdrawal,2025-10-19 04:45:16,Completed,ERP
TX00149,ACC0069,ACC0049,5213,Withdrawal,2025-09-16 08:47:15,Flagged,Bank Export
TX00150,ACC0080,ACC0009,3871,Refund,2025-07-28 22:49:10,Completed,Bank Export
TX00151,ACC0056,ACC0013,12482,Transfer,2025-11-14 20:41:19,Pending,Wallet Export
TX00152,ACC0039,ACC0004,778,Refund,2026-04-17 11:34:43,Completed,ERP
TX00153,ACC0046,ACC0048,7081,Payment,2025-12-25 15:40:15,Completed,Manual Report
TX00154,ACC0073,ACC0024,2810,Payment,2026-02-25 21:58:47,Completed,Manual Report
TX00155,ACC0080,ACC0031,8178,Deposit,2025-09-23 04:10:35,Completed,Wallet Export
TX00156,ACC0060,ACC0082,4186,Withdrawal,2026-01-21 05:45:44,Completed,Bank Export
TX00157,ACC0060,ACC0037,11126,Deposit,2026-04-07 03:13:45,Completed,Bank Export
TX00158,ACC0057,ACC0045,9651,Refund,2026-02-06 16:00:48,Pending,ERP
TX00159,ACC0059,ACC0039,3288,Withdrawal,2025-12-20 02:35:49,Pending,Bank Export
TX00160,ACC0031,ACC0049,9395,Refund,2025-05-31 17:25:44,Flagged,ERP
TX00161,ACC0038,ACC0003,13624,Withdrawal,2026-02-12 01:26:55,Completed,Bank Export
TX00162,ACC0073,ACC0007,14944,Deposit,2026-04-11 00:28:30,Pending,ERP
TX00163,ACC0030,ACC0078,13163,Refund,2025-12-30 01:46:49,Completed,Wallet Export
TX00164,ACC0080,ACC0033,11129,Payment,2025-09-21 22:55:28,Completed,Bank Export
TX00165,ACC0040,ACC0057,571,Deposit,2026-05-25 13:06:29,Completed,Wallet Export
TX00166,ACC0012,ACC0038,5377,Withdrawal,2026-02-10 07:44:36,Completed,Wallet Export
TX00167,ACC0017,ACC0070,14384,Refund,2025-07-07 22:00:31,Flagged,ERP
TX00168,ACC0022,ACC0033,15000,Withdrawal,2026-05-28 07:58:27,Completed,ERP
TX00169,ACC0015,ACC0060,1258,Payment,2026-05-04 17:14:56,Completed,Manual Report
TX00170,ACC0072,ACC0047,1504,Withdrawal,2025-07-19 20:11:47,Completed,ERP
TX00171,ACC0069,ACC0016,7476,Refund,2025-09-08 09:30:48,Completed,Manual Report
TX00172,ACC0082,ACC0048,1800,Payment,2025-07-12 12:23:08,Pending,Bank Export
TX00173,ACC0080,ACC0072,5399,Deposit,2026-05-09 05:14:09,Completed,Bank Export
TX00174,ACC0082,ACC0060,14924,Refund,2025-07-09 06:09:36,Pending,Bank Export
TX00175,ACC0018,ACC0006,634,Refund,2026-03-13 00:20:15,Pending,Bank Export
TX00176,ACC0013,ACC0031,14561,Deposit,2025-12-29 12:55:50,Completed,Manual Report
TX00177,ACC0059,ACC0048,11010,Deposit,2025-07-28 01:23:31,Pending,Wallet Export
TX00178,ACC0054,ACC0013,13684,Withdrawal,2025-09-11 10:58:54,Flagged,Manual Report
TX00179,ACC0036,ACC0005,11334,Refund,2025-09-15 02:40:16,Completed,Manual Report
TX00180,ACC0057,ACC0031,14040,Refund,2026-01-18 13:56:06,Completed,ERP
TX00181,ACC0070,ACC0046,1017,Withdrawal,2025-08-18 11:43:23,Completed,Wallet Export
TX00182,ACC0016,ACC0059,1526,Payment,2026-03-03 09:08:34,Flagged,Bank Export
TX00183,ACC0007,ACC0043,4015,Payment,2025-10-08 20:23:18,Flagged,Wallet Export
TX00184,ACC0009,ACC0071,3419,Deposit,2025-08-15 18:10:37,Completed,Wallet Export
TX00185,ACC0043,ACC0019,12946,Deposit,2026-02-19 16:27:00,Completed,ERP
TX00186,ACC0019,ACC0017,8875,Refund,2026-01-30 00:02:19,Completed,Bank Export
TX00187,ACC0004,ACC0017,268,Refund,2026-04-24 22:14:10,Completed,ERP
TX00188,ACC0003,ACC0023,4372,Transfer,2025-09-08 05:01:14,Completed,Manual Report
TX00189,ACC0068,ACC0015,12241,Transfer,2025-12-10 23:15:58,Pending,Manual Report
TX00190,ACC0047,ACC0066,9751,Transfer,2025-12-04 09:57:33,Pending,Wallet Export
TX00191,ACC0079,ACC0006,11940,Deposit,2025-09-03 05:07:55,Completed,Manual Report
TX00192,ACC0004,ACC0008,7872,Withdrawal,2026-05-15 06:51:36,Pending,Bank Export
TX00193,ACC0063,ACC0057,1229,Transfer,2026-05-16 09:10:05,Completed,Wallet Export
TX00194,ACC0009,ACC0017,4530,Deposit,2026-04-22 06:46:14,Flagged,ERP
TX00195,ACC0049,ACC0077,8717,Refund,2025-06-17 09:59:33,Pending,Manual Report
TX00196,ACC0013,ACC0015,13997,Deposit,2025-07-03 12:47:47,Completed,Manual Report
TX00197,ACC0058,ACC0030,6804,Refund,2026-01-30 00:28:19,Pending,Manual Report
TX00198,ACC0054,ACC0013,5145,Withdrawal,2025-11-09 04:31:29,Completed,ERP
TX00199,ACC0048,ACC0020,11277,Withdrawal,2026-04-15 18:35:49,Completed,Bank Export
TX00200,ACC0011,ACC0012,7100,Transfer,2025-09-13 03:21:32,Completed,Wallet Export
TX00201,ACC0072,ACC0008,9633,Deposit,2025-06-14 19:25:51,Flagged,ERP
TX00202,ACC0016,ACC0053,5818,Withdrawal,2025-05-30 01:33:38,Completed,ERP
TX00203,ACC0077,ACC0040,5786,Transfer,2025-10-05 05:29:05,Flagged,Wallet Export
TX00204,ACC0020,ACC0062,3699,Transfer,2026-03-24 03:51:52,Completed,ERP
TX00205,ACC0015,ACC0036,9431,Payment,2025-07-18 11:50:24,Pending,Bank Export
TX00206,ACC0078,ACC0035,499,Payment,2026-01-31 02:50:22,Completed,ERP
TX00207,ACC0044,ACC0045,125,Payment,2025-09-07 10:06:45,Completed,Manual Report
TX00208,ACC0009,ACC0019,12165,Transfer,2025-07-30 10:33:56,Completed,Wallet Export
TX00209,ACC0049,ACC0054,7457,Refund,2026-03-12 13:17:07,Completed,ERP
TX00210,ACC0040,ACC0042,12752,Deposit,2025-11-16 06:43:04,Flagged,Bank Export
TX00211,ACC0007,ACC0020,2604,Deposit,2025-12-28 22:32:48,Completed,Bank Export
TX00212,ACC0035,ACC0057,10870,Withdrawal,2026-02-26 17:48:35,Pending,Manual Report
TX00213,ACC0054,ACC0035,3556,Deposit,2025-11-10 18:50:36,Completed,ERP
TX00214,ACC0056,ACC0015,4665,Deposit,2026-01-01 12:32:36,Pending,ERP
TX00215,ACC0006,ACC0029,6500,Deposit,2025-06-01 10:38:26,Completed,Bank Export
TX00216,ACC0027,ACC0039,3485,Payment,2025-07-11 03:15:09,Completed,ERP
TX00217,ACC0042,ACC0016,151,Withdrawal,2025-06-26 21:50:09,Pending,Wallet Export
TX00218,ACC0017,ACC0049,8750,Payment,2026-05-06 15:39:38,Flagged,ERP
TX00219,ACC0010,ACC0051,14144,Transfer,2026-02-21 01:16:55,Pending,Bank Export
TX00220,ACC0059,ACC0010,14149,Refund,2026-05-14 17:44:14,Flagged,Manual Report
TX00221,ACC0074,ACC0052,11649,Withdrawal,2025-07-25 13:47:56,Completed,Bank Export
TX00222,ACC0052,ACC0003,5346,Payment,2025-12-26 13:46:57,Flagged,Manual Report
TX00223,ACC0047,ACC0012,7180,Transfer,2025-06-11 16:19:08,Completed,Manual Report
TX00224,ACC0076,ACC0052,8609,Transfer,2026-04-17 19:30:06,Pending,ERP
TX00225,ACC0044,ACC0029,5481,Payment,2025-10-19 01:51:17,Completed,Bank Export
TX00226,ACC0068,ACC0066,3201,Refund,2026-01-09 21:53:42,Completed,Wallet Export
TX00227,ACC0031,ACC0014,2424,Refund,2025-12-29 06:25:10,Completed,Wallet Export
TX00228,ACC0078,ACC0020,12480,Transfer,2025-07-25 04:50:47,Completed,Manual Report
TX00229,ACC0060,ACC0073,12474,Deposit,2025-11-11 14:24:54,Pending,ERP
TX00230,ACC0081,ACC0041,2498,Withdrawal,2025-07-17 04:23:27,Completed,Manual Report
TX00231,ACC0057,ACC0081,4986,Refund,2025-06-13 22:23:08,Flagged,Bank Export
TX00232,ACC0046,ACC0065,1240,Refund,2025-09-25 09:41:18,Pending,Manual Report
TX00233,ACC0005,ACC0008,6066,Refund,2025-10-17 07:18:39,Completed,Bank Export
TX00234,ACC0079,ACC0077,8332,Withdrawal,2026-05-12 19:37:38,Pending,Bank Export
TX00235,ACC0058,ACC0074,10704,Payment,2026-05-26 01:31:23,Completed,Manual Report
TX00236,ACC0065,ACC0020,1038,Withdrawal,2026-04-02 20:54:36,Completed,ERP
TX00237,ACC0011,ACC0065,10611,Payment,2026-04-27 22:50:31,Completed,Wallet Export
TX00238,ACC0057,ACC0068,8589,Deposit,2025-06-13 04:21:34,Completed,ERP
TX00239,ACC0048,ACC0037,6372,Withdrawal,2026-05-12 19:05:50,Completed,Bank Export
TX00240,ACC0081,ACC0043,1104,Refund,2025-10-14 15:32:10,Completed,Manual Report
TX00241,ACC0037,ACC0033,11882,Deposit,2025-08-18 06:34:03,Completed,ERP
TX00242,ACC0011,ACC0075,10897,Payment,2026-02-17 13:50:05,Completed,ERP
TX00243,ACC0051,ACC0017,9774,Transfer,2025-09-02 14:17:53,Completed,Manual Report
TX00244,ACC0043,ACC0017,11004,Deposit,2026-02-11 16:46:56,Completed,Manual Report
TX00245,ACC0066,ACC0047,323,Refund,2025-07-07 14:37:06,Completed,Wallet Export
TX00246,ACC0028,ACC0044,12577,Withdrawal,2025-10-13 01:02:10,Completed,Wallet Export
TX00247,ACC0018,ACC0020,1289,Refund,2026-03-27 15:43:22,Completed,Bank Export
TX00248,ACC0044,ACC0080,2172,Deposit,2026-01-01 03:00:18,Pending,Wallet Export
TX00249,ACC0021,ACC0024,13645,Deposit,2026-05-07 01:14:42,Completed,Manual Report
TX00250,ACC0006,ACC0053,5993,Payment,2026-05-03 09:25:33,Pending,ERP
TX00251,ACC0058,ACC0030,8774,Payment,2025-11-02 12:13:27,Completed,Manual Report
TX00252,ACC0025,ACC0048,11138,Deposit,2026-01-24 17:29:49,Pending,Manual Report
TX00253,ACC0037,ACC0049,8264,Deposit,2026-03-15 18:09:00,Pending,Wallet Export
TX00254,ACC0026,ACC0078,2292,Refund,2025-07-27 17:03:14,Completed,Manual Report
TX00255,ACC0048,ACC0071,1705,Deposit,2026-05-23 05:15:24,Completed,ERP
TX00256,ACC0011,ACC0021,4494,Withdrawal,2026-05-24 19:37:54,Flagged,Wallet Export
TX00257,ACC0056,ACC0012,14942,Payment,2025-08-28 15:03:51,Pending,ERP
TX00258,ACC0004,ACC0054,897,Withdrawal,2026-04-29 11:13:18,Flagged,ERP
TX00259,ACC0031,ACC0050,1362,Refund,2025-07-30 19:08:19,Completed,Bank Export
TX00260,ACC0041,ACC0013,13774,Refund,2026-04-04 07:59:59,Completed,Wallet Export
TX00261,ACC0005,ACC0037,13619,Withdrawal,2026-04-08 13:27:09,Completed,Manual Report
TX00262,ACC0058,ACC0079,111,Transfer,2025-08-05 10:45:36,Completed,ERP
TX00263,ACC0028,ACC0020,9016,Deposit,2026-05-05 23:54:25,Flagged,Manual Report
TX00264,ACC0015,ACC0037,3918,Refund,2025-11-04 19:22:29,Completed,Bank Export
TX00265,ACC0031,ACC0054,10493,Deposit,2025-06-07 07:32:17,Pending,Bank Export
TX00266,ACC0015,ACC0064,9801,Deposit,2025-08-06 08:16:30,Completed,Wallet Export
TX00267,ACC0019,ACC0038,7057,Transfer,2026-03-10 17:47:27,Flagged,ERP
TX00268,ACC0031,ACC0074,6850,Payment,2026-05-22 17:21:31,Completed,ERP
TX00269,ACC0009,ACC0068,8939,Deposit,2025-10-04 16:42:19,Flagged,Bank Export
TX00270,ACC0050,ACC0061,738,Withdrawal,2026-03-28 12:52:59,Completed,ERP
TX00271,ACC0003,ACC0046,12944,Transfer,2026-05-25 04:20:43,Completed,Wallet Export
TX00272,ACC0081,ACC0014,12665,Deposit,2025-11-04 13:57:26,Completed,Wallet Export
TX00273,ACC0006,ACC0046,8970,Refund,2026-04-05 05:53:09,Completed,Manual Report
TX00274,ACC0062,ACC0081,3011,Payment,2026-02-12 20:29:58,Completed,Manual Report
TX00275,ACC0005,ACC0038,3327,Transfer,2026-04-29 06:10:22,Completed,Bank Export
TX00276,ACC0041,ACC0040,8469,Withdrawal,2026-03-10 03:44:43,Flagged,Manual Report
TX00277,ACC0033,ACC0005,12366,Payment,2026-04-08 13:14:37,Completed,ERP
TX00278,ACC0007,ACC0043,4501,Transfer,2025-09-02 01:35:55,Completed,Manual Report
TX00279,ACC0052,ACC0057,14682,Withdrawal,2025-09-09 07:19:19,Completed,Wallet Export
TX00280,ACC0064,ACC0048,13087,Deposit,2025-07-29 12:20:38,Completed,Bank Export
TX00281,ACC0055,ACC0011,7080,Deposit,2026-03-30 11:22:29,Completed,ERP
TX00282,ACC0042,ACC0014,1336,Refund,2026-02-25 00:53:56,Completed,ERP
TX00283,ACC0058,ACC0078,11783,Withdrawal,2025-07-09 16:02:12,Completed,Manual Report
TX00284,ACC0045,ACC0058,718,Refund,2025-10-24 06:03:35,Flagged,Manual Report
TX00285,ACC0036,ACC0082,12992,Transfer,2026-05-02 09:41:46,Completed,Manual Report
TX00286,ACC0047,ACC0066,13150,Payment,2025-06-12 17:27:07,Completed,Wallet Export
TX00287,ACC0078,ACC0057,595,Payment,2026-04-27 03:10:53,Completed,Wallet Export
TX00288,ACC0047,ACC0050,9318,Transfer,2025-11-27 11:39:41,Flagged,Wallet Export
TX00289,ACC0058,ACC0048,6120,Withdrawal,2025-08-23 01:44:42,Completed,Wallet Export
TX00290,ACC0068,ACC0047,6546,Refund,2025-08-14 04:39:57,Completed,Wallet Export
TX00291,ACC0015,ACC0004,12078,Payment,2026-04-10 19:39:04,Pending,Manual Report
TX00292,ACC0072,ACC0016,4313,Refund,2026-05-20 09:06:16,Pending,Wallet Export
TX00293,ACC0079,ACC0037,11395,Withdrawal,2025-11-23 10:50:58,Completed,Bank Export
TX00294,ACC0018,ACC0010,7431,Payment,2025-10-11 11:33:54,Pending,Bank Export
TX00295,ACC0041,ACC0045,11650,Transfer,2025-09-24 05:05:51,Flagged,ERP
TX00296,ACC0039,ACC0021,11687,Payment,2026-04-12 08:27:57,Completed,Wallet Export
TX00297,ACC0016,ACC0026,13002,Payment,2026-04-02 13:40:11,Completed,Manual Report
TX00298,ACC0004,ACC0047,9102,Deposit,2026-05-02 01:49:54,Completed,Manual Report
TX00299,ACC0071,ACC0017,10051,Transfer,2025-08-25 01:51:22,Completed,ERP
TX00300,ACC0051,ACC0062,8637,Withdrawal,2025-08-23 06:18:38,Pending,Bank Export
TX00301,ACC0017,ACC0041,10549,Transfer,2025-06-06 21:04:51,Pending,Manual Report
TX00302,ACC0067,ACC0045,2127,Deposit,2026-02-09 00:28:03,Flagged,Wallet Export
TX00303,ACC0017,ACC0056,8263,Transfer,2025-08-11 16:36:45,Completed,Wallet Export
TX00304,ACC0039,ACC0022,2678,Refund,2025-10-30 10:29:04,Completed,ERP
TX00305,ACC0067,ACC0037,13884,Transfer,2025-10-03 04:08:08,Completed,Wallet Export
TX00306,ACC0082,ACC0071,4521,Payment,2025-09-13 21:16:52,Completed,Bank Export
TX00307,ACC0065,ACC0022,9721,Deposit,2026-04-29 08:51:57,Completed,Wallet Export
TX00308,ACC0080,ACC0078,5556,Deposit,2025-06-24 15:33:38,Completed,Bank Export
TX00309,ACC0011,ACC0006,10534,Deposit,2026-03-25 00:26:21,Completed,Wallet Export
TX00310,ACC0074,ACC0054,10152,Transfer,2025-09-14 02:08:45,Pending,ERP
TX00311,ACC0039,ACC0062,4037,Withdrawal,2025-10-12 01:25:53,Completed,Manual Report
TX00312,ACC0010,ACC0008,2614,Withdrawal,2026-02-01 19:33:20,Pending,Manual Report
TX00313,ACC0060,ACC0027,5598,Deposit,2025-12-12 12:31:03,Completed,ERP
TX00314,ACC0041,ACC0045,6557,Payment,2025-10-30 21:47:06,Completed,Bank Export
TX00315,ACC0041,ACC0031,7667,Transfer,2026-02-16 14:04:49,Completed,Manual Report
TX00316,ACC0032,ACC0019,1611,Transfer,2026-04-21 08:00:16,Completed,Manual Report
TX00317,ACC0079,ACC0054,4092,Payment,2025-12-22 22:24:19,Completed,ERP
TX00318,ACC0025,ACC0021,8188,Deposit,2025-10-04 07:03:10,Pending,Manual Report
TX00319,ACC0040,ACC0064,404,Transfer,2026-05-28 10:50:13,Pending,Manual Report
TX00320,ACC0031,ACC0028,9582,Refund,2025-06-08 09:46:05,Completed,Bank Export
TX00321,ACC0037,ACC0064,9814,Withdrawal,2025-07-12 11:34:31,Completed,Bank Export
TX00322,ACC0014,ACC0056,2219,Refund,2026-05-04 07:06:10,Completed,Manual Report
TX00323,ACC0047,ACC0006,6588,Transfer,2025-09-07 03:12:52,Flagged,Wallet Export
TX00324,ACC0047,ACC0071,4753,Transfer,2025-08-06 00:53:06,Pending,Manual Report
TX00325,ACC0071,ACC0036,13546,Deposit,2026-01-09 04:00:03,Flagged,Bank Export
TX00326,ACC0017,ACC0013,6478,Refund,2025-09-08 18:50:18,Completed,ERP
TX00327,ACC0019,ACC0026,9895,Deposit,2025-06-12 13:05:43,Pending,Bank Export
TX00328,ACC0006,ACC0005,2270,Refund,2025-07-09 18:53:50,Pending,Manual Report
TX00329,ACC0020,ACC0078,14658,Deposit,2026-01-15 08:57:34,Completed,ERP
TX00330,ACC0079,ACC0041,2687,Withdrawal,2025-11-13 10:56:25,Flagged,ERP
TX00331,ACC0076,ACC0044,8336,Deposit,2025-10-09 22:32:59,Flagged,Manual Report
TX00332,ACC0073,ACC0039,7805,Transfer,2026-03-07 15:02:40,Completed,ERP
TX00333,ACC0015,ACC0054,9588,Refund,2026-03-30 02:33:15,Completed,Manual Report
TX00334,ACC0034,ACC0075,9488,Payment,2025-09-27 12:11:49,Completed,Manual Report
TX00335,ACC0022,ACC0068,10330,Deposit,2025-11-14 03:59:53,Pending,Wallet Export
TX00336,ACC0032,ACC0005,9405,Transfer,2026-01-19 02:47:18,Completed,Bank Export
TX00337,ACC0057,ACC0041,6886,Payment,2025-12-13 07:19:15,Pending,Wallet Export
TX00338,ACC0053,ACC0065,12722,Deposit,2025-07-12 14:24:33,Pending,Bank Export
TX00339,ACC0018,ACC0067,3422,Deposit,2025-10-25 06:47:38,Completed,Manual Report
TX00340,ACC0068,ACC0049,5165,Payment,2026-05-13 00:30:15,Pending,ERP
TX00341,ACC0070,ACC0046,11098,Refund,2026-01-07 14:42:09,Flagged,Manual Report
TX00342,ACC0025,ACC0032,4596,Deposit,2025-08-10 12:10:30,Completed,Wallet Export
TX00343,ACC0039,ACC0037,11574,Payment,2025-09-04 14:41:54,Pending,ERP
TX00344,ACC0062,ACC0045,9208,Refund,2025-06-14 22:13:29,Completed,Bank Export
TX00345,ACC0074,ACC0070,6245,Withdrawal,2026-02-27 22:52:12,Completed,Wallet Export
TX00346,ACC0038,ACC0006,4737,Transfer,2025-11-14 00:51:47,Completed,Manual Report
TX00347,ACC0033,ACC0062,3530,Payment,2025-05-29 08:16:34,Flagged,ERP
TX00348,ACC0072,ACC0035,2274,Transfer,2025-12-16 14:31:16,Flagged,Wallet Export
TX00349,ACC0032,ACC0007,10999,Deposit,2026-05-23 03:29:53,Completed,Wallet Export
TX00350,ACC0007,ACC0013,6796,Refund,2026-04-06 21:44:19,Pending,Bank Export
TX00351,ACC0018,ACC0001,9041,Payment,2025-12-23 19:14:55,Pending,Manual Report
TX00352,ACC0062,ACC0026,12409,Refund,2026-02-19 10:29:06,Completed,ERP
TX00353,ACC0008,ACC0012,10712,Deposit,2026-03-04 02:05:09,Completed,Bank Export
TX00354,ACC0023,ACC0054,14479,Payment,2026-03-12 19:59:18,Completed,Manual Report
TX00355,ACC0064,ACC0024,12296,Refund,2026-03-10 22:12:06,Completed,Bank Export
TX00356,ACC0039,ACC0073,9900,Transfer,2026-02-13 03:13:23,Completed,ERP
TX00357,ACC0059,ACC0070,8615,Withdrawal,2025-08-13 05:00:46,Completed,Manual Report
TX00358,ACC0035,ACC0025,13276,Transfer,2025-10-17 03:18:09,Completed,Wallet Export
TX00359,ACC0059,ACC0033,11798,Payment,2025-11-12 04:29:44,Completed,ERP
TX00360,ACC0038,ACC0073,11074,Payment,2025-06-24 20:42:56,Completed,Manual Report
TX00361,ACC0055,ACC0066,5397,Transfer,2026-02-10 15:39:23,Pending,Bank Export
TX00362,ACC0024,ACC0018,7847,Refund,2026-05-21 06:43:08,Completed,Bank Export
TX00363,ACC0034,ACC0050,3883,Withdrawal,2025-10-03 22:11:59,Completed,ERP
TX00364,ACC0039,ACC0075,11868,Deposit,2026-01-25 16:44:30,Completed,ERP
TX00365,ACC0047,ACC0031,1042,Transfer,2025-09-27 14:25:06,Pending,ERP
TX00366,ACC0021,ACC0052,11265,Deposit,2026-02-10 07:43:54,Completed,Bank Export
TX00367,ACC0082,ACC0038,6046,Deposit,2026-04-23 00:35:16,Completed,Wallet Export
TX00368,ACC0018,ACC0062,2534,Withdrawal,2025-07-16 02:06:16,Flagged,ERP
TX00369,ACC0054,ACC0071,14980,Withdrawal,2026-03-04 05:06:30,Flagged,Wallet Export
TX00370,ACC0032,ACC0077,14330,Transfer,2026-05-13 05:33:25,Flagged,Manual Report
TX00371,ACC0068,ACC0047,1304,Deposit,2025-09-22 07:43:08,Completed,Bank Export
TX00372,ACC0071,ACC0065,3337,Deposit,2025-12-11 15:14:12,Flagged,Wallet Export
TX00373,ACC0022,ACC0042,14024,Deposit,2025-09-25 19:15:16,Pending,Bank Export
TX00374,ACC0027,ACC0075,8033,Transfer,2026-02-11 16:24:17,Flagged,Manual Report
TX00375,ACC0008,ACC0059,2186,Deposit,2025-11-03 07:00:37,Pending,Manual Report
TX00376,ACC0073,ACC0008,9180,Withdrawal,2025-10-02 08:45:27,Completed,Bank Export
TX00377,ACC0051,ACC0033,13401,Transfer,2025-10-31 23:09:21,Completed,Bank Export
TX00378,ACC0006,ACC0055,5669,Transfer,2026-02-23 10:57:57,Flagged,Bank Export
TX00379,ACC0009,ACC0061,544,Refund,2025-09-20 12:13:07,Pending,Wallet Export
TX00380,ACC0018,ACC0054,6160,Withdrawal,2025-12-30 00:00:40,Pending,Manual Report
TX00381,ACC0049,ACC0011,11210,Deposit,2025-07-17 02:55:14,Completed,ERP
TX00382,ACC0016,ACC0023,8827,Withdrawal,2025-08-11 04:35:30,Flagged,Wallet Export
TX00383,ACC0029,ACC0001,12414,Transfer,2025-11-07 23:21:22,Completed,Manual Report
TX00384,ACC0070,ACC0055,8740,Withdrawal,2026-02-10 22:06:14,Completed,Wallet Export
TX00385,ACC0059,ACC0045,2566,Refund,2025-10-22 22:24:09,Completed,Bank Export
TX00386,ACC0005,ACC0054,10099,Transfer,2026-02-15 17:34:23,Completed,Wallet Export
TX00387,ACC0009,ACC0013,9756,Transfer,2026-03-15 05:37:55,Pending,Bank Export
TX00388,ACC0032,ACC0006,6615,Withdrawal,2026-05-14 07:16:12,Completed,Wallet Export
TX00389,ACC0008,ACC0018,8280,Refund,2025-08-04 06:33:53,Completed,ERP
TX00390,ACC0074,ACC0077,12682,Refund,2026-01-22 17:31:38,Completed,ERP
TX00391,ACC0019,ACC0067,3646,Withdrawal,2026-01-04 16:57:28,Completed,ERP
TX00392,ACC0008,ACC0072,9718,Payment,2025-09-22 13:34:07,Pending,Manual Report
TX00393,ACC0007,ACC0045,10565,Withdrawal,2025-11-02 09:24:26,Flagged,ERP
TX00394,ACC0054,ACC0053,2469,Refund,2025-12-27 11:39:26,Pending,Wallet Export
TX00395,ACC0069,ACC0061,3973,Payment,2026-04-17 11:23:39,Completed,Wallet Export
TX00396,ACC0060,ACC0008,9239,Withdrawal,2025-05-28 20:17:46,Pending,Wallet Export
TX00397,ACC0050,ACC0032,4202,Payment,2025-09-23 16:49:56,Completed,Bank Export
TX00398,ACC0058,ACC0048,1539,Deposit,2025-09-17 02:44:31,Completed,Bank Export
TX00399,ACC0035,ACC0049,11062,Deposit,2025-08-18 07:33:25,Flagged,Bank Export
TX00400,ACC0010,ACC0025,13208,Deposit,2025-11-11 15:21:37,Flagged,Wallet Export
TX00401,ACC0062,ACC0027,14270,Refund,2026-03-29 20:18:56,Completed,Bank Export
TX00402,ACC0028,ACC0025,12173,Transfer,2026-01-08 22:21:44,Pending,Wallet Export
TX00403,ACC0078,ACC0027,6523,Payment,2026-01-19 07:00:29,Flagged,ERP
TX00404,ACC0037,ACC0049,7664,Deposit,2026-02-06 22:48:40,Completed,ERP
TX00405,ACC0034,ACC0047,8426,Withdrawal,2025-09-30 20:05:34,Pending,Bank Export
TX00406,ACC0061,ACC0041,3353,Refund,2025-11-25 06:30:59,Completed,Manual Report
TX00407,ACC0006,ACC0073,14182,Payment,2025-11-16 06:15:23,Completed,Bank Export
TX00408,ACC0034,ACC0071,9593,Deposit,2025-11-16 09:44:25,Pending,ERP
TX00409,ACC0020,ACC0026,5429,Payment,2026-02-15 01:48:53,Pending,Wallet Export
TX00410,ACC0064,ACC0071,10750,Refund,2025-08-19 16:21:14,Completed,Manual Report
TX00411,ACC0063,ACC0059,2781,Refund,2025-12-13 04:59:58,Completed,Wallet Export
TX00412,ACC0070,ACC0063,3040,Deposit,2025-11-28 10:55:38,Completed,Bank Export
TX00413,ACC0010,ACC0007,12547,Transfer,2026-04-01 22:39:45,Pending,Wallet Export
TX00414,ACC0081,ACC0030,1138,Payment,2026-05-13 16:07:35,Completed,Wallet Export
TX00415,ACC0065,ACC0059,6139,Transfer,2026-04-02 20:00:03,Flagged,Manual Report
TX00416,ACC0063,ACC0003,133,Deposit,2026-03-10 12:10:13,Flagged,Manual Report
TX00417,ACC0002,ACC0003,8698,Refund,2025-08-02 14:09:03,Flagged,ERP
TX00418,ACC0003,ACC0065,13347,Withdrawal,2026-02-08 13:26:47,Completed,Bank Export
TX00419,ACC0013,ACC0068,2464,Payment,2025-06-30 14:51:51,Completed,ERP
TX00420,ACC0046,ACC0035,13049,Withdrawal,2025-09-15 21:35:36,Completed,ERP
TX00421,ACC0052,ACC0059,9281,Payment,2025-12-14 20:52:24,Completed,ERP
TX00422,ACC0011,ACC0005,1556,Withdrawal,2026-02-10 12:04:43,Pending,Manual Report
TX00423,ACC0071,ACC0061,944,Transfer,2026-01-29 11:56:55,Completed,Bank Export
TX00424,ACC0064,ACC0056,10591,Refund,2026-01-24 04:26:29,Flagged,Bank Export
TX00425,ACC0068,ACC0006,3789,Payment,2025-10-05 20:41:36,Flagged,Manual Report
TX00426,ACC0035,ACC0006,1243,Refund,2025-07-03 22:56:39,Flagged,Bank Export
TX00427,ACC0023,ACC0041,281,Payment,2026-04-11 12:46:19,Flagged,Wallet Export
TX00428,ACC0051,ACC0010,4928,Payment,2026-03-16 09:37:38,Flagged,Wallet Export
TX00429,ACC0073,ACC0050,11117,Deposit,2025-08-27 21:38:47,Completed,Manual Report
TX00430,ACC0018,ACC0011,8229,Refund,2026-02-13 23:25:21,Completed,Bank Export
TX00431,ACC0056,ACC0030,13765,Transfer,2025-09-26 05:49:53,Completed,Manual Report
TX00432,ACC0042,ACC0004,10414,Refund,2025-08-23 22:18:54,Pending,Manual Report
TX00433,ACC0030,ACC0046,9085,Withdrawal,2026-04-06 22:13:24,Pending,Wallet Export
TX00434,ACC0075,ACC0049,1429,Deposit,2025-08-14 00:32:16,Completed,Wallet Export
TX00435,ACC0010,ACC0011,4415,Payment,2025-07-24 21:57:03,Pending,Wallet Export
TX00436,ACC0050,ACC0041,5934,Transfer,2025-06-07 04:10:25,Completed,Bank Export
TX00437,ACC0040,ACC0057,5921,Refund,2025-06-15 15:15:20,Completed,Wallet Export
TX00438,ACC0012,ACC0024,7086,Withdrawal,2025-08-31 18:36:37,Flagged,Manual Report
TX00439,ACC0014,ACC0004,1493,Refund,2025-11-29 05:06:15,Flagged,Bank Export
TX00440,ACC0077,ACC0042,14176,Withdrawal,2026-01-21 01:59:55,Completed,ERP
TX00441,ACC0053,ACC0050,12790,Transfer,2026-04-23 16:38:30,Flagged,Wallet Export
TX00442,ACC0074,ACC0067,2803,Withdrawal,2026-03-23 03:21:08,Completed,Wallet Export
TX00443,ACC0035,ACC0039,4422,Withdrawal,2025-06-25 23:19:14,Completed,Bank Export
TX00444,ACC0022,ACC0056,4546,Withdrawal,2025-11-21 13:17:55,Completed,Manual Report
TX00445,ACC0010,ACC0047,4148,Payment,2025-11-05 15:22:57,Pending,Wallet Export
TX00446,ACC0059,ACC0014,2244,Refund,2026-05-07 19:54:25,Completed,Manual Report
TX00447,ACC0043,ACC0080,6249,Refund,2026-01-28 06:21:04,Pending,ERP
TX00448,ACC0056,ACC0077,2255,Refund,2026-01-07 06:09:15,Completed,Wallet Export
TX00449,ACC0062,ACC0041,2935,Withdrawal,2025-08-12 04:46:48,Completed,ERP
TX00450,ACC0082,ACC0063,9460,Payment,2026-03-03 15:58:54,Completed,Manual Report
TX00451,ACC0036,ACC0051,6005,Transfer,2026-02-23 03:00:16,Flagged,Wallet Export
TX00452,ACC0076,ACC0070,2972,Deposit,2025-10-24 19:27:04,Completed,Manual Report
TX00453,ACC0027,ACC0057,13094,Refund,2025-12-06 16:26:30,Completed,Manual Report
TX00454,ACC0064,ACC0018,10401,Refund,2025-10-30 21:32:49,Completed,ERP
TX00455,ACC0020,ACC0055,12953,Withdrawal,2025-08-31 10:36:44,Completed,Manual Report
TX00456,ACC0077,ACC0062,9564,Withdrawal,2025-07-24 23:58:37,Flagged,Manual Report
TX00457,ACC0070,ACC0005,12980,Refund,2026-02-07 11:24:58,Flagged,Bank Export
TX00458,ACC0014,ACC0032,10799,Refund,2026-02-19 17:37:04,Completed,Bank Export
TX00459,ACC0073,ACC0052,12356,Refund,2025-05-30 20:11:38,Pending,Bank Export
TX00460,ACC0002,ACC0013,4264,Payment,2026-05-10 08:42:18,Flagged,Wallet Export
TX00461,ACC0058,ACC0048,6433,Withdrawal,2026-03-16 08:00:31,Flagged,Wallet Export
TX00462,ACC0045,ACC0004,7934,Transfer,2026-04-27 20:23:59,Completed,Manual Report
TX00463,ACC0011,ACC0015,13645,Payment,2026-03-23 17:51:47,Completed,ERP
TX00464,ACC0044,ACC0059,12874,Payment,2026-05-07 13:38:47,Flagged,Manual Report
TX00465,ACC0045,ACC0061,1624,Withdrawal,2025-07-09 01:58:41,Pending,ERP
TX00466,ACC0009,ACC0039,757,Transfer,2026-03-26 23:54:59,Completed,ERP
TX00467,ACC0014,ACC0022,12157,Payment,2025-11-09 19:09:44,Flagged,Wallet Export
TX00468,ACC0071,ACC0021,5447,Deposit,2025-08-21 16:15:35,Pending,Manual Report
TX00469,ACC0030,ACC0052,10342,Payment,2025-08-04 23:53:42,Completed,Manual Report
TX00470,ACC0051,ACC0004,12106,Deposit,2026-04-05 23:21:34,Completed,Manual Report
TX00471,ACC0076,ACC0055,6395,Transfer,2026-02-22 22:52:49,Completed,Wallet Export
TX00472,ACC0036,ACC0009,9484,Transfer,2025-12-15 20:13:43,Flagged,Wallet Export
TX00473,ACC0047,ACC0042,3253,Withdrawal,2025-11-25 02:25:52,Completed,ERP
TX00474,ACC0063,ACC0068,10496,Refund,2025-06-17 04:34:54,Flagged,Manual Report
TX00475,ACC0079,ACC0051,9642,Transfer,2025-12-31 03:54:39,Completed,ERP
TX00476,ACC0059,ACC0080,2851,Refund,2025-09-02 11:12:31,Flagged,Bank Export
TX00477,ACC0018,ACC0041,1956,Payment,2026-05-19 23:57:10,Completed,Bank Export
TX00478,ACC0024,ACC0048,11386,Payment,2026-04-23 03:34:49,Flagged,Manual Report
TX00479,ACC0054,ACC0077,2283,Deposit,2025-07-14 19:39:23,Pending,Manual Report
TX00480,ACC0024,ACC0063,10437,Deposit,2025-11-21 23:02:42,Completed,Wallet Export
TX00481,ACC0063,ACC0037,2323,Payment,2025-07-19 11:19:22,Completed,Manual Report
TX00482,ACC0080,ACC0007,14205,Refund,2026-04-04 22:15:23,Completed,Manual Report
TX00483,ACC0018,ACC0025,13381,Withdrawal,2025-11-25 03:18:04,Flagged,Manual Report
TX00484,ACC0053,ACC0063,6834,Withdrawal,2026-02-11 22:47:16,Pending,Wallet Export
TX00485,ACC0011,ACC0073,530,Payment,2025-12-20 23:01:13,Completed,Bank Export
TX00486,ACC0036,ACC0029,8833,Refund,2025-12-31 18:04:25,Completed,Manual Report
TX00487,ACC0073,ACC0064,9031,Deposit,2026-01-14 22:31:49,Completed,Bank Export
TX00488,ACC0035,ACC0070,13513,Refund,2025-09-28 21:56:37,Flagged,Bank Export
TX00489,ACC0057,ACC0070,3605,Withdrawal,2026-03-17 23:57:10,Completed,Wallet Export
TX00490,ACC0039,ACC0005,7393,Refund,2026-05-09 21:12:15,Completed,Bank Export
TX00491,ACC0057,ACC0016,12732,Payment,2025-11-16 13:35:44,Completed,ERP
TX00492,ACC0079,ACC0081,7040,Payment,2026-01-21 14:50:45,Flagged,Wallet Export
TX00493,ACC0027,ACC0008,9365,Refund,2026-04-10 04:55:25,Flagged,ERP
TX00494,ACC0077,ACC0069,2783,Refund,2026-03-04 00:37:54,Completed,ERP
TX00495,ACC0074,ACC0035,14082,Deposit,2026-05-10 02:44:39,Completed,Wallet Export
TX00496,ACC0053,ACC0008,4568,Payment,2025-12-10 17:23:09,Completed,Wallet Export
TX00497,ACC0019,ACC0042,13598,Payment,2025-11-10 10:01:28,Pending,Manual Report
TX00498,ACC0019,ACC0074,10386,Refund,2026-04-16 05:58:41,Pending,Manual Report
TX00499,ACC0058,ACC0010,10406,Transfer,2026-05-15 21:00:40,Pending,ERP
TX00500,ACC0048,ACC0059,8021,Refund,2025-12-27 11:02:57,Flagged,Bank Export
