transaction_id,sender_account_id,receiver_account_id,amount_usd,transaction_type,transaction_date,status,source_system,sender_entity_id,sender_entity_name,sender_entity_type,sender_risk_level,receiver_entity_id,receiver_entity_name,receiver_entity_type,receiver_risk_level
TX00001,ACC0026,ACC0040,5999.91,Refund,2026-05-28 11:08:59,Pending,Manual Report,ENT013,Dr. Sharon James,Vendor,Low,ENT020,Thomas Bradley,Vendor,Medium
TX00002,ACC0016,ACC0032,3389.84,Refund,2026-05-28 11:14:49,Completed,Wallet Export,ENT009,"Baker, Williams and Stevens",Company,High,ENT017,Devin Schaefer,Individual,Medium
TX00003,ACC0076,ACC0029,132.68,Transfer,2026-05-28 11:13:44,Completed,Bank Export,ENT038,David Bradley,Individual,High,ENT015,Mia Sutton,Client,Medium
TX00004,ACC0005,ACC0043,1086.09,Payment,2026-05-28 11:09:48,Completed,Manual Report,ENT002,Megan Mcclain,Vendor,Low,ENT021,Matthew Foster,Vendor,Low
TX00005,ACC0028,ACC0070,2006.37,Deposit,2026-05-28 11:12:11,Flagged,Manual Report,ENT015,Mia Sutton,Client,Medium,ENT035,Troy Nielsen,Individual,High
TX00006,ACC0032,ACC0061,12117.27,Payment,2026-05-28 11:11:13,Completed,Bank Export,ENT017,Devin Schaefer,Individual,Medium,ENT030,Mack-Peterson,Company,Low
TX00007,ACC0056,ACC0046,6368.09,Withdrawal,2026-05-28 11:11:11,Completed,Bank Export,ENT027,James Ferrell,Individual,High,ENT022,Brenda Taylor,Client,High
TX00008,ACC0008,ACC0052,10930.0,Transfer,2026-05-28 11:17:06,Completed,Wallet Export,ENT005,"Barnes, Cole and Ramirez",Company,High,ENT026,Christopher Becker,Vendor,High
TX00009,ACC0025,ACC0069,6742.99,Withdrawal,2026-05-28 11:15:36,Completed,ERP,ENT013,Dr. Sharon James,Vendor,Low,ENT034,Lisa Hernandez,Vendor,Medium
TX00010,ACC0060,ACC0032,13120.43,Transfer,2026-05-28 11:10:20,Pending,Bank Export,ENT029,Ashley Dyer,Individual,Medium,ENT017,Devin Schaefer,Individual,Medium
TX00011,ACC0007,ACC0070,12544.51,Transfer,2026-05-28 11:15:09,Completed,Wallet Export,ENT004,"Guzman, Hoffman and Baldwin",Company,High,ENT035,Troy Nielsen,Individual,High
TX00012,ACC0053,ACC0063,7233.34,Withdrawal,2026-05-28 11:11:04,Completed,Wallet Export,ENT026,Christopher Becker,Vendor,High,ENT031,Moore-Smith,Company,Medium
TX00013,ACC0049,ACC0001,14780.0,Refund,2026-05-28 11:12:42,Pending,ERP,ENT024,Cox-Osborn,Company,High,ENT001,"Rodriguez, Figueroa and Sanchez",Company,Low
TX00014,ACC0055,ACC0072,9936.52,Withdrawal,2026-05-28 11:15:50,Completed,Wallet Export,ENT027,James Ferrell,Individual,High,ENT035,Troy Nielsen,Individual,High
TX00015,ACC0038,ACC0028,14531.42,Deposit,2026-05-28 11:12:12,Flagged,Bank Export,ENT019,Andrew Stewart,Client,Low,ENT015,Mia Sutton,Client,Medium
TX00016,ACC0041,ACC0008,775.88,Withdrawal,2026-05-28 11:09:14,Flagged,Wallet Export,ENT020,Thomas Bradley,Vendor,Medium,ENT005,"Barnes, Cole and Ramirez",Company,High
TX00017,ACC0008,ACC0066,1224.67,Payment,2026-05-28 11:15:30,Completed,Bank Export,ENT005,"Barnes, Cole and Ramirez",Company,High,ENT032,Deborah Mason,Vendor,Medium
TX00018,ACC0031,ACC0052,1820.3,Deposit,2026-05-28 11:17:20,Completed,Bank Export,ENT017,Devin Schaefer,Individual,Medium,ENT026,Christopher Becker,Vendor,High
TX00019,ACC0080,ACC0011,6302.89,Deposit,2026-05-28 11:09:37,Flagged,ERP,ENT039,John Jones,Individual,Low,ENT007,Moore-Bernard,Company,Low
TX00020,ACC0034,ACC0027,10054.15,Refund,2026-05-28 11:08:48,Completed,ERP,ENT018,"Robinson, Nguyen and Tate",Company,Low,ENT014,Holly Wood,Individual,High
TX00021,ACC0051,ACC0017,10083.56,Refund,2026-05-28 11:19:04,Pending,ERP,ENT026,Christopher Becker,Vendor,High,ENT009,"Baker, Williams and Stevens",Company,High
TX00022,ACC0010,ACC0002,6887.83,Deposit,2026-05-28 11:17:10,Completed,Bank Export,ENT006,Robert Wolfe,Client,Low,ENT001,"Rodriguez, Figueroa and Sanchez",Company,Low
TX00023,ACC0069,ACC0028,7600.62,Payment,2026-05-28 11:08:12,Completed,Bank Export,ENT034,Lisa Hernandez,Vendor,Medium,ENT015,Mia Sutton,Client,Medium
TX00024,ACC0032,ACC0048,4292.69,Withdrawal,2026-05-28 11:09:32,Flagged,ERP,ENT017,Devin Schaefer,Individual,Medium,ENT024,Cox-Osborn,Company,High
TX00025,ACC0079,ACC0068,142.15,Deposit,2026-05-28 11:11:59,Completed,Bank Export,ENT039,John Jones,Individual,Low,ENT033,Ashley Garrett,Vendor,Low
TX00026,ACC0018,ACC0034,1753.54,Transfer,2026-05-28 11:10:47,Flagged,Wallet Export,ENT010,Jamie Arnold,Individual,High,ENT018,"Robinson, Nguyen and Tate",Company,Low
TX00027,ACC0035,ACC0037,9082.33,Refund,2026-05-28 11:14:53,Completed,ERP,ENT018,"Robinson, Nguyen and Tate",Company,Low,ENT019,Andrew Stewart,Client,Low
TX00028,ACC0065,ACC0063,3785.54,Transfer,2026-05-28 11:16:14,Completed,Manual Report,ENT032,Deborah Mason,Vendor,Medium,ENT031,Moore-Smith,Company,Medium
TX00029,ACC0036,ACC0006,78.1,Payment,2026-05-28 11:16:09,Completed,Wallet Export,ENT018,"Robinson, Nguyen and Tate",Company,Low,ENT003,Amanda Davis,Individual,Low
TX00030,ACC0057,ACC0071,10592.37,Deposit,2026-05-28 11:11:35,Completed,Bank Export,ENT028,Maddox-Valencia,Company,Low,ENT035,Troy Nielsen,Individual,High
TX00031,ACC0010,ACC0020,8195.21,Refund,2026-05-28 11:14:47,Flagged,Wallet Export,ENT006,Robert Wolfe,Client,Low,ENT011,Stacey Ward,Client,Low
TX00032,ACC0056,ACC0017,651.39,Refund,2026-05-28 11:08:57,Completed,ERP,ENT027,James Ferrell,Individual,High,ENT009,"Baker, Williams and Stevens",Company,High
TX00033,ACC0027,ACC0032,10012.33,Refund,2026-05-28 11:10:45,Flagged,Manual Report,ENT014,Holly Wood,Individual,High,ENT017,Devin Schaefer,Individual,Medium
TX00034,ACC0080,ACC0020,13888.31,Payment,2026-05-28 11:14:25,Completed,Wallet Export,ENT039,John Jones,Individual,Low,ENT011,Stacey Ward,Client,Low
TX00035,ACC0053,ACC0004,2710.93,Refund,2026-05-28 11:07:59,Pending,Wallet Export,ENT026,Christopher Becker,Vendor,High,ENT002,Megan Mcclain,Vendor,Low
TX00036,ACC0035,ACC0021,11815.93,Transfer,2026-05-28 11:14:36,Pending,Bank Export,ENT018,"Robinson, Nguyen and Tate",Company,Low,ENT011,Stacey Ward,Client,Low
TX00037,ACC0061,ACC0029,3013.6,Withdrawal,2026-05-28 11:12:28,Completed,ERP,ENT030,Mack-Peterson,Company,Low,ENT015,Mia Sutton,Client,Medium
TX00038,ACC0030,ACC0029,379.37,Payment,2026-05-28 11:15:42,Pending,ERP,ENT016,Carolyn Daniel,Vendor,Low,ENT015,Mia Sutton,Client,Medium
TX00039,ACC0036,ACC0009,14504.16,Refund,2026-05-28 11:12:49,Completed,Manual Report,ENT018,"Robinson, Nguyen and Tate",Company,Low,ENT005,"Barnes, Cole and Ramirez",Company,High
TX00040,ACC0069,ACC0043,14090.08,Transfer,2026-05-28 11:15:10,Completed,Wallet Export,ENT034,Lisa Hernandez,Vendor,Medium,ENT021,Matthew Foster,Vendor,Low
TX00041,ACC0075,ACC0034,597.9,Deposit,2026-05-28 11:19:50,Pending,ERP,ENT037,Koch-Decker,Company,High,ENT018,"Robinson, Nguyen and Tate",Company,Low
TX00042,ACC0041,ACC0056,9102.98,Deposit,2026-05-28 11:17:26,Completed,Manual Report,ENT020,Thomas Bradley,Vendor,Medium,ENT027,James Ferrell,Individual,High
TX00043,ACC0074,ACC0025,3839.47,Withdrawal,2026-05-28 11:19:14,Completed,Wallet Export,ENT036,Fred Smith,Vendor,High,ENT013,Dr. Sharon James,Vendor,Low
TX00044,ACC0047,ACC0056,1072.86,Refund,2026-05-28 11:16:15,Flagged,ERP,ENT023,"Ryan, Burgess and Patterson",Company,Medium,ENT027,James Ferrell,Individual,High
TX00045,ACC0016,ACC0039,7619.16,Withdrawal,2026-05-28 11:10:35,Completed,Manual Report,ENT009,"Baker, Williams and Stevens",Company,High,ENT019,Andrew Stewart,Client,Low
TX00046,ACC0038,ACC0071,1931.13,Withdrawal,2026-05-28 11:11:11,Pending,Wallet Export,ENT019,Andrew Stewart,Client,Low,ENT035,Troy Nielsen,Individual,High
TX00047,ACC0079,ACC0073,4531.72,Deposit,2026-05-28 11:13:00,Completed,ERP,ENT039,John Jones,Individual,Low,ENT036,Fred Smith,Vendor,High
TX00048,ACC0037,ACC0027,6462.58,Deposit,2026-05-28 11:11:39,Flagged,ERP,ENT019,Andrew Stewart,Client,Low,ENT014,Holly Wood,Individual,High
TX00049,ACC0060,ACC0057,6646.34,Payment,2026-05-28 11:08:56,Flagged,Manual Report,ENT029,Ashley Dyer,Individual,Medium,ENT028,Maddox-Valencia,Company,Low
TX00050,ACC0022,ACC0011,4274.7,Deposit,2026-05-28 11:17:50,Completed,Bank Export,ENT012,Amber Perez,Client,High,ENT007,Moore-Bernard,Company,Low
TX00051,ACC0031,ACC0040,3388.99,Payment,2026-05-28 11:17:12,Completed,Bank Export,ENT017,Devin Schaefer,Individual,Medium,ENT020,Thomas Bradley,Vendor,Medium
TX00052,ACC0006,ACC0032,14759.44,Deposit,2026-05-28 11:08:59,Completed,Manual Report,ENT003,Amanda Davis,Individual,Low,ENT017,Devin Schaefer,Individual,Medium
TX00053,ACC0054,ACC0081,8645.67,Withdrawal,2026-05-28 11:13:18,Pending,Manual Report,ENT027,James Ferrell,Individual,High,ENT040,Beth Keller,Client,Medium
TX00054,ACC0032,ACC0019,9849.47,Transfer,2026-05-28 11:08:55,Completed,Manual Report,ENT017,Devin Schaefer,Individual,Medium,ENT011,Stacey Ward,Client,Low
TX00055,ACC0029,ACC0023,12066.55,Deposit,2026-05-28 11:08:48,Pending,Bank Export,ENT015,Mia Sutton,Client,Medium,ENT012,Amber Perez,Client,High
TX00056,ACC0072,ACC0032,13764.11,Transfer,2026-05-28 11:17:55,Pending,Wallet Export,ENT035,Troy Nielsen,Individual,High,ENT017,Devin Schaefer,Individual,Medium
TX00057,ACC0060,ACC0068,14818.69,Deposit,2026-05-28 11:16:05,Completed,Manual Report,ENT029,Ashley Dyer,Individual,Medium,ENT033,Ashley Garrett,Vendor,Low
TX00058,ACC0079,ACC0065,6415.44,Deposit,2026-05-28 11:16:31,Pending,Wallet Export,ENT039,John Jones,Individual,Low,ENT032,Deborah Mason,Vendor,Medium
TX00059,ACC0061,ACC0058,3906.39,Payment,2026-05-28 11:17:00,Completed,Manual Report,ENT030,Mack-Peterson,Company,Low,ENT028,Maddox-Valencia,Company,Low
TX00060,ACC0081,ACC0031,4137.1,Transfer,2026-05-28 11:10:38,Completed,Wallet Export,ENT040,Beth Keller,Client,Medium,ENT017,Devin Schaefer,Individual,Medium
TX00061,ACC0035,ACC0043,4812.65,Deposit,2026-05-28 11:08:55,Completed,Wallet Export,ENT018,"Robinson, Nguyen and Tate",Company,Low,ENT021,Matthew Foster,Vendor,Low
TX00062,ACC0020,ACC0030,5760.95,Payment,2026-05-28 11:16:37,Completed,Bank Export,ENT011,Stacey Ward,Client,Low,ENT016,Carolyn Daniel,Vendor,Low
TX00063,ACC0054,ACC0053,4979.95,Withdrawal,2026-05-28 11:09:19,Pending,Bank Export,ENT027,James Ferrell,Individual,High,ENT026,Christopher Becker,Vendor,High
TX00064,ACC0027,ACC0054,5857.42,Deposit,2026-05-28 11:11:07,Completed,Manual Report,ENT014,Holly Wood,Individual,High,ENT027,James Ferrell,Individual,High
TX00065,ACC0062,ACC0001,14142.56,Refund,2026-05-28 11:09:07,Pending,Manual Report,ENT031,Moore-Smith,Company,Medium,ENT001,"Rodriguez, Figueroa and Sanchez",Company,Low
TX00066,ACC0069,ACC0070,12003.03,Payment,2026-05-28 11:18:06,Pending,Wallet Export,ENT034,Lisa Hernandez,Vendor,Medium,ENT035,Troy Nielsen,Individual,High
TX00067,ACC0035,ACC0056,7297.49,Withdrawal,2026-05-28 11:09:06,Completed,Manual Report,ENT018,"Robinson, Nguyen and Tate",Company,Low,ENT027,James Ferrell,Individual,High
TX00068,ACC0022,ACC0060,13795.14,Deposit,2026-05-28 11:19:28,Flagged,Bank Export,ENT012,Amber Perez,Client,High,ENT029,Ashley Dyer,Individual,Medium
TX00069,ACC0051,ACC0076,8476.77,Transfer,2026-05-28 11:11:57,Completed,Manual Report,ENT026,Christopher Becker,Vendor,High,ENT038,David Bradley,Individual,High
TX00070,ACC0018,ACC0060,2746.39,Refund,2026-05-28 11:14:50,Pending,ERP,ENT010,Jamie Arnold,Individual,High,ENT029,Ashley Dyer,Individual,Medium
TX00071,ACC0028,ACC0059,4919.52,Withdrawal,2026-05-28 11:09:59,Completed,Manual Report,ENT015,Mia Sutton,Client,Medium,ENT028,Maddox-Valencia,Company,Low
TX00072,ACC0033,ACC0011,7067.84,Deposit,2026-05-28 11:17:40,Completed,ERP,ENT017,Devin Schaefer,Individual,Medium,ENT007,Moore-Bernard,Company,Low
TX00073,ACC0029,ACC0009,11723.96,Transfer,2026-05-28 11:12:09,Completed,Wallet Export,ENT015,Mia Sutton,Client,Medium,ENT005,"Barnes, Cole and Ramirez",Company,High
TX00074,ACC0026,ACC0003,9329.5,Payment,2026-05-28 11:17:49,Completed,Manual Report,ENT013,Dr. Sharon James,Vendor,Low,ENT002,Megan Mcclain,Vendor,Low
TX00075,ACC0015,ACC0073,14217.66,Withdrawal,2026-05-28 11:18:05,Completed,ERP,ENT008,James Howard,Individual,Low,ENT036,Fred Smith,Vendor,High
TX00076,ACC0022,ACC0078,9118.53,Transfer,2026-05-28 11:08:37,Completed,ERP,ENT012,Amber Perez,Client,High,ENT038,David Bradley,Individual,High
TX00077,ACC0014,ACC0075,409.53,Refund,2026-05-28 11:18:31,Flagged,Manual Report,ENT008,James Howard,Individual,Low,ENT037,Koch-Decker,Company,High
TX00078,ACC0051,ACC0026,1163.05,Payment,2026-05-28 11:09:20,Completed,ERP,ENT026,Christopher Becker,Vendor,High,ENT013,Dr. Sharon James,Vendor,Low
TX00079,ACC0077,ACC0016,11948.5,Deposit,2026-05-28 11:15:06,Completed,ERP,ENT038,David Bradley,Individual,High,ENT009,"Baker, Williams and Stevens",Company,High
TX00080,ACC0069,ACC0055,9931.28,Transfer,2026-05-28 11:19:10,Flagged,ERP,ENT034,Lisa Hernandez,Vendor,Medium,ENT027,James Ferrell,Individual,High
TX00081,ACC0002,ACC0054,12339.41,Transfer,2026-05-28 11:17:54,Pending,ERP,ENT001,"Rodriguez, Figueroa and Sanchez",Company,Low,ENT027,James Ferrell,Individual,High
TX00082,ACC0082,ACC0059,10616.95,Withdrawal,2026-05-28 11:17:35,Completed,ERP,ENT040,Beth Keller,Client,Medium,ENT028,Maddox-Valencia,Company,Low
TX00083,ACC0079,ACC0069,11625.26,Withdrawal,2026-05-28 11:16:52,Pending,ERP,ENT039,John Jones,Individual,Low,ENT034,Lisa Hernandez,Vendor,Medium
TX00084,ACC0042,ACC0032,12465.2,Transfer,2026-05-28 11:13:20,Completed,Manual Report,ENT020,Thomas Bradley,Vendor,Medium,ENT017,Devin Schaefer,Individual,Medium
TX00085,ACC0032,ACC0060,8558.5,Withdrawal,2026-05-28 11:12:24,Completed,Bank Export,ENT017,Devin Schaefer,Individual,Medium,ENT029,Ashley Dyer,Individual,Medium
TX00086,ACC0064,ACC0042,2748.05,Payment,2026-05-28 11:11:26,Completed,ERP,ENT031,Moore-Smith,Company,Medium,ENT020,Thomas Bradley,Vendor,Medium
TX00087,ACC0044,ACC0036,13207.79,Refund,2026-05-28 11:19:22,Flagged,Bank Export,ENT022,Brenda Taylor,Client,High,ENT018,"Robinson, Nguyen and Tate",Company,Low
TX00088,ACC0067,ACC0025,1307.05,Withdrawal,2026-05-28 11:13:18,Pending,Wallet Export,ENT033,Ashley Garrett,Vendor,Low,ENT013,Dr. Sharon James,Vendor,Low
TX00089,ACC0061,ACC0063,6736.41,Transfer,2026-05-28 11:12:01,Completed,ERP,ENT030,Mack-Peterson,Company,Low,ENT031,Moore-Smith,Company,Medium
TX00090,ACC0029,ACC0052,10384.51,Refund,2026-05-28 11:12:28,Flagged,ERP,ENT015,Mia Sutton,Client,Medium,ENT026,Christopher Becker,Vendor,High
TX00091,ACC0061,ACC0071,7975.56,Withdrawal,2026-05-28 11:14:42,Flagged,ERP,ENT030,Mack-Peterson,Company,Low,ENT035,Troy Nielsen,Individual,High
TX00092,ACC0046,ACC0059,4081.97,Refund,2026-05-28 11:10:11,Completed,Bank Export,ENT022,Brenda Taylor,Client,High,ENT028,Maddox-Valencia,Company,Low
TX00093,ACC0025,ACC0041,1815.33,Deposit,2026-05-28 11:19:24,Completed,Wallet Export,ENT013,Dr. Sharon James,Vendor,Low,ENT020,Thomas Bradley,Vendor,Medium
TX00094,ACC0028,ACC0062,4165.58,Deposit,2026-05-28 11:18:57,Flagged,ERP,ENT015,Mia Sutton,Client,Medium,ENT031,Moore-Smith,Company,Medium
TX00095,ACC0013,ACC0025,4461.29,Refund,2026-05-28 11:13:04,Completed,ERP,ENT007,Moore-Bernard,Company,Low,ENT013,Dr. Sharon James,Vendor,Low
TX00096,ACC0002,ACC0069,1920.58,Transfer,2026-05-28 11:15:45,Completed,ERP,ENT001,"Rodriguez, Figueroa and Sanchez",Company,Low,ENT034,Lisa Hernandez,Vendor,Medium
TX00097,ACC0017,ACC0082,13030.21,Withdrawal,2026-05-28 11:13:20,Completed,Bank Export,ENT009,"Baker, Williams and Stevens",Company,High,ENT040,Beth Keller,Client,Medium
TX00098,ACC0074,ACC0037,7054.22,Withdrawal,2026-05-28 11:09:11,Completed,Wallet Export,ENT036,Fred Smith,Vendor,High,ENT019,Andrew Stewart,Client,Low
TX00099,ACC0007,ACC0033,14117.43,Withdrawal,2026-05-28 11:08:06,Completed,Bank Export,ENT004,"Guzman, Hoffman and Baldwin",Company,High,ENT017,Devin Schaefer,Individual,Medium
TX00100,ACC0052,ACC0063,1134.38,Transfer,2026-05-28 11:15:46,Completed,Wallet Export,ENT026,Christopher Becker,Vendor,High,ENT031,Moore-Smith,Company,Medium
TX00101,ACC0073,ACC0039,1300.58,Payment,2026-05-28 11:18:33,Completed,Manual Report,ENT036,Fred Smith,Vendor,High,ENT019,Andrew Stewart,Client,Low
TX00102,ACC0078,ACC0077,11866.34,Payment,2026-05-28 11:17:33,Flagged,Manual Report,ENT038,David Bradley,Individual,High,ENT038,David Bradley,Individual,High
TX00103,ACC0058,ACC0057,4477.86,Deposit,2026-05-28 11:09:39,Pending,ERP,ENT028,Maddox-Valencia,Company,Low,ENT028,Maddox-Valencia,Company,Low
TX00104,ACC0073,ACC0080,926.95,Transfer,2026-05-28 11:09:12,Completed,Wallet Export,ENT036,Fred Smith,Vendor,High,ENT039,John Jones,Individual,Low
TX00105,ACC0034,ACC0011,2376.93,Payment,2026-05-28 11:17:07,Flagged,Bank Export,ENT018,"Robinson, Nguyen and Tate",Company,Low,ENT007,Moore-Bernard,Company,Low
TX00106,ACC0021,ACC0001,6142.55,Deposit,2026-05-28 11:11:35,Pending,ERP,ENT011,Stacey Ward,Client,Low,ENT001,"Rodriguez, Figueroa and Sanchez",Company,Low
TX00107,ACC0005,ACC0030,4339.37,Refund,2026-05-28 11:16:35,Pending,Bank Export,ENT002,Megan Mcclain,Vendor,Low,ENT016,Carolyn Daniel,Vendor,Low
TX00108,ACC0030,ACC0034,11822.72,Deposit,2026-05-28 11:12:28,Completed,Manual Report,ENT016,Carolyn Daniel,Vendor,Low,ENT018,"Robinson, Nguyen and Tate",Company,Low
TX00109,ACC0015,ACC0070,3391.52,Payment,2026-05-28 11:10:12,Completed,Wallet Export,ENT008,James Howard,Individual,Low,ENT035,Troy Nielsen,Individual,High
TX00110,ACC0010,ACC0008,2509.69,Refund,2026-05-28 11:13:54,Flagged,ERP,ENT006,Robert Wolfe,Client,Low,ENT005,"Barnes, Cole and Ramirez",Company,High
TX00111,ACC0057,ACC0016,7043.75,Refund,2026-05-28 11:09:07,Pending,ERP,ENT028,Maddox-Valencia,Company,Low,ENT009,"Baker, Williams and Stevens",Company,High
TX00112,ACC0065,ACC0070,7419.58,Transfer,2026-05-28 11:12:07,Flagged,Bank Export,ENT032,Deborah Mason,Vendor,Medium,ENT035,Troy Nielsen,Individual,High
TX00113,ACC0056,ACC0042,9065.61,Transfer,2026-05-28 11:14:15,Completed,Wallet Export,ENT027,James Ferrell,Individual,High,ENT020,Thomas Bradley,Vendor,Medium
TX00114,ACC0074,ACC0076,14263.02,Refund,2026-05-28 11:12:48,Flagged,Bank Export,ENT036,Fred Smith,Vendor,High,ENT038,David Bradley,Individual,High
TX00115,ACC0023,ACC0061,7796.48,Withdrawal,2026-05-28 11:10:38,Completed,Wallet Export,ENT012,Amber Perez,Client,High,ENT030,Mack-Peterson,Company,Low
TX00116,ACC0075,ACC0056,9530.9,Withdrawal,2026-05-28 11:15:25,Completed,Manual Report,ENT037,Koch-Decker,Company,High,ENT027,James Ferrell,Individual,High
TX00117,ACC0045,ACC0053,5016.29,Transfer,2026-05-28 11:17:13,Completed,ERP,ENT022,Brenda Taylor,Client,High,ENT026,Christopher Becker,Vendor,High
TX00118,ACC0053,ACC0064,4341.06,Withdrawal,2026-05-28 11:19:57,Flagged,Bank Export,ENT026,Christopher Becker,Vendor,High,ENT031,Moore-Smith,Company,Medium
TX00119,ACC0059,ACC0012,4734.89,Refund,2026-05-28 11:13:06,Completed,Manual Report,ENT028,Maddox-Valencia,Company,Low,ENT007,Moore-Bernard,Company,Low
TX00120,ACC0066,ACC0001,9873.46,Deposit,2026-05-28 11:18:23,Pending,Manual Report,ENT032,Deborah Mason,Vendor,Medium,ENT001,"Rodriguez, Figueroa and Sanchez",Company,Low
TX00121,ACC0007,ACC0025,7788.63,Deposit,2026-05-28 11:19:06,Pending,Manual Report,ENT004,"Guzman, Hoffman and Baldwin",Company,High,ENT013,Dr. Sharon James,Vendor,Low
TX00122,ACC0007,ACC0027,4024.17,Payment,2026-05-28 11:16:58,Completed,Manual Report,ENT004,"Guzman, Hoffman and Baldwin",Company,High,ENT014,Holly Wood,Individual,High
TX00123,ACC0063,ACC0016,457.32,Deposit,2026-05-28 11:08:05,Completed,Wallet Export,ENT031,Moore-Smith,Company,Medium,ENT009,"Baker, Williams and Stevens",Company,High
TX00124,ACC0040,ACC0071,229.78,Withdrawal,2026-05-28 11:19:20,Completed,Wallet Export,ENT020,Thomas Bradley,Vendor,Medium,ENT035,Troy Nielsen,Individual,High
TX00125,ACC0015,ACC0060,14207.23,Payment,2026-05-28 11:17:24,Pending,ERP,ENT008,James Howard,Individual,Low,ENT029,Ashley Dyer,Individual,Medium
TX00126,ACC0066,ACC0035,6246.97,Withdrawal,2026-05-28 11:13:03,Pending,Wallet Export,ENT032,Deborah Mason,Vendor,Medium,ENT018,"Robinson, Nguyen and Tate",Company,Low
TX00127,ACC0059,ACC0071,2191.01,Payment,2026-05-28 11:19:16,Flagged,Wallet Export,ENT028,Maddox-Valencia,Company,Low,ENT035,Troy Nielsen,Individual,High
TX00128,ACC0009,ACC0036,11595.81,Withdrawal,2026-05-28 11:09:43,Completed,ERP,ENT005,"Barnes, Cole and Ramirez",Company,High,ENT018,"Robinson, Nguyen and Tate",Company,Low
TX00129,ACC0001,ACC0037,10897.61,Deposit,2026-05-28 11:10:14,Flagged,Manual Report,ENT001,"Rodriguez, Figueroa and Sanchez",Company,Low,ENT019,Andrew Stewart,Client,Low
TX00130,ACC0020,ACC0058,8090.24,Refund,2026-05-28 11:12:27,Completed,Manual Report,ENT011,Stacey Ward,Client,Low,ENT028,Maddox-Valencia,Company,Low
TX00131,ACC0059,ACC0042,13047.29,Payment,2026-05-28 11:09:55,Flagged,Manual Report,ENT028,Maddox-Valencia,Company,Low,ENT020,Thomas Bradley,Vendor,Medium
TX00132,ACC0030,ACC0053,678.62,Withdrawal,2026-05-28 11:09:46,Pending,Manual Report,ENT016,Carolyn Daniel,Vendor,Low,ENT026,Christopher Becker,Vendor,High
TX00133,ACC0020,ACC0064,14473.25,Payment,2026-05-28 11:17:23,Flagged,ERP,ENT011,Stacey Ward,Client,Low,ENT031,Moore-Smith,Company,Medium
TX00134,ACC0013,ACC0057,1518.18,Withdrawal,2026-05-28 11:10:36,Completed,Wallet Export,ENT007,Moore-Bernard,Company,Low,ENT028,Maddox-Valencia,Company,Low
TX00135,ACC0053,ACC0020,1145.55,Refund,2026-05-28 11:12:35,Completed,Manual Report,ENT026,Christopher Becker,Vendor,High,ENT011,Stacey Ward,Client,Low
TX00136,ACC0011,ACC0043,12788.81,Deposit,2026-05-28 11:12:45,Pending,ERP,ENT007,Moore-Bernard,Company,Low,ENT021,Matthew Foster,Vendor,Low
TX00137,ACC0081,ACC0063,13088.94,Transfer,2026-05-28 11:18:16,Flagged,Bank Export,ENT040,Beth Keller,Client,Medium,ENT031,Moore-Smith,Company,Medium
TX00138,ACC0031,ACC0081,10273.88,Refund,2026-05-28 11:11:32,Completed,Bank Export,ENT017,Devin Schaefer,Individual,Medium,ENT040,Beth Keller,Client,Medium
TX00139,ACC0056,ACC0013,11411.54,Transfer,2026-05-28 11:13:48,Pending,Wallet Export,ENT027,James Ferrell,Individual,High,ENT007,Moore-Bernard,Company,Low
TX00140,ACC0039,ACC0004,713.71,Transfer,2026-05-28 11:11:25,Completed,ERP,ENT019,Andrew Stewart,Client,Low,ENT002,Megan Mcclain,Vendor,Low
TX00141,ACC0048,ACC0056,2204.91,Deposit,2026-05-28 11:19:40,Pending,Wallet Export,ENT024,Cox-Osborn,Company,High,ENT027,James Ferrell,Individual,High
TX00142,ACC0022,ACC0023,1207.55,Withdrawal,2026-05-28 11:18:46,Flagged,Wallet Export,ENT012,Amber Perez,Client,High,ENT012,Amber Perez,Client,High
TX00143,ACC0064,ACC0075,2168.19,Withdrawal,2026-05-28 11:12:27,Completed,Manual Report,ENT031,Moore-Smith,Company,Medium,ENT037,Koch-Decker,Company,High
TX00144,ACC0033,ACC0002,13486.16,Withdrawal,2026-05-28 11:16:34,Completed,Wallet Export,ENT017,Devin Schaefer,Individual,Medium,ENT001,"Rodriguez, Figueroa and Sanchez",Company,Low
TX00145,ACC0010,ACC0057,14179.9,Deposit,2026-05-28 11:16:17,Completed,Manual Report,ENT006,Robert Wolfe,Client,Low,ENT028,Maddox-Valencia,Company,Low
TX00146,ACC0033,ACC0059,12683.43,Payment,2026-05-28 11:12:14,Pending,Manual Report,ENT017,Devin Schaefer,Individual,Medium,ENT028,Maddox-Valencia,Company,Low
TX00147,ACC0014,ACC0031,5735.93,Refund,2026-05-28 11:08:49,Flagged,ERP,ENT008,James Howard,Individual,Low,ENT017,Devin Schaefer,Individual,Medium
TX00148,ACC0038,ACC0003,14669.72,Withdrawal,2026-05-28 11:09:31,Completed,Bank Export,ENT019,Andrew Stewart,Client,Low,ENT002,Megan Mcclain,Vendor,Low
TX00149,ACC0073,ACC0007,13661.49,Withdrawal,2026-05-28 11:18:46,Completed,Wallet Export,ENT036,Fred Smith,Vendor,High,ENT004,"Guzman, Hoffman and Baldwin",Company,High
TX00150,ACC0078,ACC0046,3304.59,Payment,2026-05-28 11:15:10,Flagged,ERP,ENT038,David Bradley,Individual,High,ENT022,Brenda Taylor,Client,High
TX00151,ACC0018,ACC0081,1480.03,Transfer,2026-05-28 11:12:40,Completed,Manual Report,ENT010,Jamie Arnold,Individual,High,ENT040,Beth Keller,Client,Medium
TX00152,ACC0005,ACC0075,5488.8,Payment,2026-05-28 11:08:42,Completed,ERP,ENT002,Megan Mcclain,Vendor,Low,ENT037,Koch-Decker,Company,High
TX00153,ACC0042,ACC0054,2655.21,Payment,2026-05-28 11:08:00,Flagged,ERP,ENT020,Thomas Bradley,Vendor,Medium,ENT027,James Ferrell,Individual,High
TX00154,ACC0068,ACC0065,13704.47,Payment,2026-05-28 11:13:38,Completed,Manual Report,ENT033,Ashley Garrett,Vendor,Low,ENT032,Deborah Mason,Vendor,Medium
TX00155,ACC0038,ACC0044,12068.38,Withdrawal,2026-05-28 11:10:10,Completed,Wallet Export,ENT019,Andrew Stewart,Client,Low,ENT022,Brenda Taylor,Client,High
TX00156,ACC0029,ACC0051,14509.86,Deposit,2026-05-28 11:18:49,Completed,Bank Export,ENT015,Mia Sutton,Client,Medium,ENT026,Christopher Becker,Vendor,High
TX00157,ACC0051,ACC0002,3985.27,Transfer,2026-05-28 11:12:25,Pending,ERP,ENT026,Christopher Becker,Vendor,High,ENT001,"Rodriguez, Figueroa and Sanchez",Company,Low
TX00158,ACC0034,ACC0075,5730.86,Refund,2026-05-28 11:10:42,Completed,Wallet Export,ENT018,"Robinson, Nguyen and Tate",Company,Low,ENT037,Koch-Decker,Company,High
TX00159,ACC0061,ACC0004,9302.71,Deposit,2026-05-28 11:15:29,Completed,Wallet Export,ENT030,Mack-Peterson,Company,Low,ENT002,Megan Mcclain,Vendor,Low
TX00160,ACC0009,ACC0082,12362.23,Refund,2026-05-28 11:17:21,Pending,Bank Export,ENT005,"Barnes, Cole and Ramirez",Company,High,ENT040,Beth Keller,Client,Medium
TX00161,ACC0018,ACC0006,14195.27,Refund,2026-05-28 11:15:14,Pending,Bank Export,ENT010,Jamie Arnold,Individual,High,ENT003,Amanda Davis,Individual,Low
TX00162,ACC0013,ACC0031,13311.71,Payment,2026-05-28 11:17:31,Pending,Manual Report,ENT007,Moore-Bernard,Company,Low,ENT017,Devin Schaefer,Individual,Medium
TX00163,ACC0048,ACC0070,6301.42,Payment,2026-05-28 11:08:06,Pending,Bank Export,ENT024,Cox-Osborn,Company,High,ENT035,Troy Nielsen,Individual,High
TX00164,ACC0063,ACC0079,6136.54,Refund,2026-05-28 11:09:51,Completed,ERP,ENT031,Moore-Smith,Company,Medium,ENT039,John Jones,Individual,Low
TX00165,ACC0028,ACC0057,6684.32,Payment,2026-05-28 11:09:14,Completed,Bank Export,ENT015,Mia Sutton,Client,Medium,ENT028,Maddox-Valencia,Company,Low
TX00166,ACC0048,ACC0070,13527.9,Refund,2026-05-28 11:19:44,Completed,Manual Report,ENT024,Cox-Osborn,Company,High,ENT035,Troy Nielsen,Individual,High
TX00167,ACC0036,ACC0025,14523.9,Withdrawal,2026-05-28 11:10:29,Completed,Wallet Export,ENT018,"Robinson, Nguyen and Tate",Company,Low,ENT013,Dr. Sharon James,Vendor,Low
TX00168,ACC0082,ACC0077,14567.12,Transfer,2026-05-28 11:17:15,Completed,Wallet Export,ENT040,Beth Keller,Client,Medium,ENT038,David Bradley,Individual,High
TX00169,ACC0017,ACC0073,3097.95,Deposit,2026-05-28 11:08:33,Completed,Wallet Export,ENT009,"Baker, Williams and Stevens",Company,High,ENT036,Fred Smith,Vendor,High
TX00170,ACC0030,ACC0043,11621.17,Deposit,2026-05-28 11:14:15,Completed,ERP,ENT016,Carolyn Daniel,Vendor,Low,ENT021,Matthew Foster,Vendor,Low
TX00171,ACC0019,ACC0017,8114.73,Payment,2026-05-28 11:17:53,Completed,Bank Export,ENT011,Stacey Ward,Client,Low,ENT009,"Baker, Williams and Stevens",Company,High
TX00172,ACC0017,ACC0002,5389.68,Payment,2026-05-28 11:17:22,Flagged,ERP,ENT009,"Baker, Williams and Stevens",Company,High,ENT001,"Rodriguez, Figueroa and Sanchez",Company,Low
TX00173,ACC0003,ACC0023,3998.88,Payment,2026-05-28 11:10:28,Pending,Bank Export,ENT002,Megan Mcclain,Vendor,Low,ENT012,Amber Perez,Client,High
TX00174,ACC0009,ACC0061,6737.92,Refund,2026-05-28 11:15:17,Flagged,Bank Export,ENT005,"Barnes, Cole and Ramirez",Company,High,ENT030,Mack-Peterson,Company,Low
TX00175,ACC0058,ACC0065,3342.71,Deposit,2026-05-28 11:10:07,Completed,ERP,ENT028,Maddox-Valencia,Company,Low,ENT032,Deborah Mason,Vendor,Medium
TX00176,ACC0059,ACC0004,935.86,Withdrawal,2026-05-28 11:08:39,Pending,Manual Report,ENT028,Maddox-Valencia,Company,Low,ENT002,Megan Mcclain,Vendor,Low
TX00177,ACC0014,ACC0063,10693.21,Withdrawal,2026-05-28 11:13:12,Completed,Bank Export,ENT008,James Howard,Individual,Low,ENT031,Moore-Smith,Company,Medium
TX00178,ACC0042,ACC0078,2246.3,Payment,2026-05-28 11:14:10,Completed,ERP,ENT020,Thomas Bradley,Vendor,Medium,ENT038,David Bradley,Individual,High
TX00179,ACC0049,ACC0077,7970.09,Withdrawal,2026-05-28 11:08:37,Flagged,Manual Report,ENT024,Cox-Osborn,Company,High,ENT038,David Bradley,Individual,High
TX00180,ACC0013,ACC0015,12795.57,Deposit,2026-05-28 11:14:03,Completed,Manual Report,ENT007,Moore-Bernard,Company,Low,ENT008,James Howard,Individual,Low
TX00181,ACC0058,ACC0030,6221.86,Withdrawal,2026-05-28 11:11:32,Pending,Manual Report,ENT028,Maddox-Valencia,Company,Low,ENT016,Carolyn Daniel,Vendor,Low
TX00182,ACC0013,ACC0041,6415.79,Refund,2026-05-28 11:19:35,Completed,Wallet Export,ENT007,Moore-Bernard,Company,Low,ENT020,Thomas Bradley,Vendor,Medium
TX00183,ACC0061,ACC0009,1391.09,Transfer,2026-05-28 11:12:12,Completed,Manual Report,ENT030,Mack-Peterson,Company,Low,ENT005,"Barnes, Cole and Ramirez",Company,High
TX00184,ACC0013,ACC0048,12181.25,Deposit,2026-05-28 11:19:19,Completed,ERP,ENT007,Moore-Bernard,Company,Low,ENT024,Cox-Osborn,Company,High
TX00185,ACC0016,ACC0053,5320.13,Withdrawal,2026-05-28 11:09:42,Completed,ERP,ENT009,"Baker, Williams and Stevens",Company,High,ENT026,Christopher Becker,Vendor,High
TX00186,ACC0077,ACC0040,5290.9,Deposit,2026-05-28 11:13:59,Flagged,Wallet Export,ENT038,David Bradley,Individual,High,ENT020,Thomas Bradley,Vendor,Medium
TX00187,ACC0020,ACC0062,3383.07,Transfer,2026-05-28 11:17:30,Completed,ERP,ENT011,Stacey Ward,Client,Low,ENT031,Moore-Smith,Company,Medium
TX00188,ACC0015,ACC0036,8622.15,Withdrawal,2026-05-28 11:14:53,Flagged,Bank Export,ENT008,James Howard,Individual,Low,ENT018,"Robinson, Nguyen and Tate",Company,Low
TX00189,ACC0078,ACC0035,458.57,Refund,2026-05-28 11:18:32,Completed,ERP,ENT038,David Bradley,Individual,High,ENT018,"Robinson, Nguyen and Tate",Company,Low
TX00190,ACC0045,ACC0001,2741.55,Payment,2026-05-28 11:10:35,Flagged,Manual Report,ENT022,Brenda Taylor,Client,High,ENT001,"Rodriguez, Figueroa and Sanchez",Company,Low
TX00191,ACC0009,ACC0019,11121.01,Transfer,2026-05-28 11:11:59,Completed,Wallet Export,ENT005,"Barnes, Cole and Ramirez",Company,High,ENT011,Stacey Ward,Client,Low
TX00192,ACC0049,ACC0054,6818.35,Payment,2026-05-28 11:10:43,Completed,ERP,ENT024,Cox-Osborn,Company,High,ENT027,James Ferrell,Individual,High
TX00193,ACC0042,ACC0073,8953.45,Transfer,2026-05-28 11:10:58,Completed,Wallet Export,ENT020,Thomas Bradley,Vendor,Medium,ENT036,Fred Smith,Vendor,High
TX00194,ACC0080,ACC0007,10117.68,Refund,2026-05-28 11:14:59,Pending,Manual Report,ENT039,John Jones,Individual,Low,ENT004,"Guzman, Hoffman and Baldwin",Company,High
TX00195,ACC0063,ACC0078,6644.61,Refund,2026-05-28 11:08:22,Completed,Bank Export,ENT031,Moore-Smith,Company,Medium,ENT038,David Bradley,Individual,High
TX00196,ACC0045,ACC0056,1685.57,Deposit,2026-05-28 11:11:00,Pending,ERP,ENT022,Brenda Taylor,Client,High,ENT027,James Ferrell,Individual,High
TX00197,ACC0006,ACC0029,5944.07,Deposit,2026-05-28 11:13:37,Completed,Bank Export,ENT003,Amanda Davis,Individual,Low,ENT015,Mia Sutton,Client,Medium
TX00198,ACC0027,ACC0039,14181.23,Payment,2026-05-28 11:14:58,Completed,ERP,ENT014,Holly Wood,Individual,High,ENT019,Andrew Stewart,Client,Low
TX00199,ACC0042,ACC0016,140.76,Withdrawal,2026-05-28 11:19:22,Completed,Wallet Export,ENT020,Thomas Bradley,Vendor,Medium,ENT009,"Baker, Williams and Stevens",Company,High
TX00200,ACC0049,ACC0069,10562.48,Deposit,2026-05-28 11:12:11,Flagged,ERP,ENT024,Cox-Osborn,Company,High,ENT034,Lisa Hernandez,Vendor,Medium
TX00201,ACC0010,ACC0051,12929.92,Transfer,2026-05-28 11:12:30,Pending,Bank Export,ENT006,Robert Wolfe,Client,Low,ENT026,Christopher Becker,Vendor,High
TX00202,ACC0059,ACC0010,12935.1,Deposit,2026-05-28 11:10:40,Pending,Manual Report,ENT028,Maddox-Valencia,Company,Low,ENT006,Robert Wolfe,Client,Low
TX00203,ACC0082,ACC0054,4360.49,Withdrawal,2026-05-28 11:19:55,Completed,ERP,ENT040,Beth Keller,Client,Medium,ENT027,James Ferrell,Individual,High
TX00204,ACC0022,ACC0080,6914.95,Refund,2026-05-28 11:09:47,Completed,Manual Report,ENT012,Amber Perez,Client,High,ENT039,John Jones,Individual,Low
TX00205,ACC0014,ACC0032,6549.26,Withdrawal,2026-05-28 11:14:28,Flagged,Bank Export,ENT008,James Howard,Individual,Low,ENT017,Devin Schaefer,Individual,Medium
TX00206,ACC0051,ACC0040,11193.43,Payment,2026-05-28 11:08:36,Completed,Wallet Export,ENT026,Christopher Becker,Vendor,High,ENT020,Thomas Bradley,Vendor,Medium
TX00207,ACC0010,ACC0066,9507.54,Deposit,2026-05-28 11:15:58,Flagged,Wallet Export,ENT006,Robert Wolfe,Client,Low,ENT032,Deborah Mason,Vendor,Medium
TX00208,ACC0045,ACC0019,3563.13,Payment,2026-05-28 11:11:44,Completed,Wallet Export,ENT022,Brenda Taylor,Client,High,ENT011,Stacey Ward,Client,Low
TX00209,ACC0023,ACC0078,2314.23,Transfer,2026-05-28 11:11:21,Completed,Manual Report,ENT012,Amber Perez,Client,High,ENT038,David Bradley,Individual,High
TX00210,ACC0060,ACC0073,11404.16,Withdrawal,2026-05-28 11:15:48,Flagged,ERP,ENT029,Ashley Dyer,Individual,Medium,ENT036,Fred Smith,Vendor,High
TX00211,ACC0081,ACC0041,2285.59,Transfer,2026-05-28 11:13:55,Pending,Manual Report,ENT040,Beth Keller,Client,Medium,ENT020,Thomas Bradley,Vendor,Medium
TX00212,ACC0081,ACC0039,11950.04,Deposit,2026-05-28 11:13:09,Completed,ERP,ENT040,Beth Keller,Client,Medium,ENT019,Andrew Stewart,Client,Low
TX00213,ACC0065,ACC0010,4673.36,Withdrawal,2026-05-28 11:11:50,Completed,Bank Export,ENT032,Deborah Mason,Vendor,Medium,ENT006,Robert Wolfe,Client,Low
TX00214,ACC0048,ACC0037,1174.05,Transfer,2026-05-28 11:11:45,Flagged,Manual Report,ENT024,Cox-Osborn,Company,High,ENT019,Andrew Stewart,Client,Low
TX00215,ACC0060,ACC0075,8325.89,Transfer,2026-05-28 11:08:21,Pending,Wallet Export,ENT029,Ashley Dyer,Individual,Medium,ENT037,Koch-Decker,Company,High
TX00216,ACC0042,ACC0078,7147.54,Payment,2026-05-28 11:19:12,Completed,Manual Report,ENT020,Thomas Bradley,Vendor,Medium,ENT038,David Bradley,Individual,High
TX00217,ACC0014,ACC0044,14736.22,Transfer,2026-05-28 11:11:14,Flagged,Wallet Export,ENT008,James Howard,Individual,Low,ENT022,Brenda Taylor,Client,High
TX00218,ACC0006,ACC0032,10621.64,Withdrawal,2026-05-28 11:14:45,Flagged,Wallet Export,ENT003,Amanda Davis,Individual,Low,ENT017,Devin Schaefer,Individual,Medium
TX00219,ACC0047,ACC0048,13771.1,Withdrawal,2026-05-28 11:13:33,Pending,ERP,ENT023,"Ryan, Burgess and Patterson",Company,Medium,ENT024,Cox-Osborn,Company,High
TX00220,ACC0077,ACC0007,11843.67,Refund,2026-05-28 11:12:42,Completed,ERP,ENT038,David Bradley,Individual,High,ENT004,"Guzman, Hoffman and Baldwin",Company,High
TX00221,ACC0013,ACC0072,10183.73,Refund,2026-05-28 11:09:08,Completed,Wallet Export,ENT007,Moore-Bernard,Company,Low,ENT035,Troy Nielsen,Individual,High
TX00222,ACC0043,ACC0011,8751.52,Payment,2026-05-28 11:12:42,Completed,ERP,ENT021,Matthew Foster,Vendor,Low,ENT007,Moore-Bernard,Company,Low
TX00223,ACC0051,ACC0017,8935.74,Transfer,2026-05-28 11:13:56,Completed,Manual Report,ENT026,Christopher Becker,Vendor,High,ENT009,"Baker, Williams and Stevens",Company,High
TX00224,ACC0043,ACC0017,10059.99,Deposit,2026-05-28 11:18:53,Completed,Manual Report,ENT021,Matthew Foster,Vendor,Low,ENT009,"Baker, Williams and Stevens",Company,High
TX00225,ACC0066,ACC0047,298.0,Refund,2026-05-28 11:16:38,Completed,Wallet Export,ENT032,Deborah Mason,Vendor,Medium,ENT023,"Ryan, Burgess and Patterson",Company,Medium
TX00226,ACC0044,ACC0063,2900.28,Payment,2026-05-28 11:14:46,Completed,Bank Export,ENT022,Brenda Taylor,Client,High,ENT031,Moore-Smith,Company,Medium
TX00227,ACC0038,ACC0013,7627.65,Deposit,2026-05-28 11:19:32,Flagged,Bank Export,ENT019,Andrew Stewart,Client,Low,ENT007,Moore-Bernard,Company,Low
TX00228,ACC0044,ACC0080,1987.46,Withdrawal,2026-05-28 11:17:06,Completed,Wallet Export,ENT022,Brenda Taylor,Client,High,ENT039,John Jones,Individual,Low
TX00229,ACC0024,ACC0080,12140.43,Payment,2026-05-28 11:13:36,Pending,Bank Export,ENT012,Amber Perez,Client,High,ENT039,John Jones,Individual,Low
TX00230,ACC0053,ACC0047,10153.53,Payment,2026-05-28 11:08:25,Pending,ERP,ENT026,Christopher Becker,Vendor,High,ENT023,"Ryan, Burgess and Patterson",Company,Medium
TX00231,ACC0058,ACC0030,8021.82,Refund,2026-05-28 11:09:55,Pending,Wallet Export,ENT028,Maddox-Valencia,Company,Low,ENT016,Carolyn Daniel,Vendor,Low
TX00232,ACC0048,ACC0074,14766.99,Withdrawal,2026-05-28 11:12:24,Completed,Manual Report,ENT024,Cox-Osborn,Company,High,ENT036,Fred Smith,Vendor,High
TX00233,ACC0065,ACC0068,6294.45,Payment,2026-05-28 11:10:59,Completed,Wallet Export,ENT032,Deborah Mason,Vendor,Medium,ENT033,Ashley Garrett,Vendor,Low
TX00234,ACC0033,ACC0007,9626.66,Refund,2026-05-28 11:17:51,Flagged,Bank Export,ENT017,Devin Schaefer,Individual,Medium,ENT004,"Guzman, Hoffman and Baldwin",Company,High
TX00235,ACC0067,ACC0016,4293.82,Payment,2026-05-28 11:12:28,Completed,Manual Report,ENT033,Ashley Garrett,Vendor,Low,ENT009,"Baker, Williams and Stevens",Company,High
TX00236,ACC0066,ACC0019,12469.92,Transfer,2026-05-28 11:08:36,Completed,Manual Report,ENT032,Deborah Mason,Vendor,Medium,ENT011,Stacey Ward,Client,Low
TX00237,ACC0045,ACC0004,6238.08,Withdrawal,2026-05-28 11:09:48,Flagged,ERP,ENT022,Brenda Taylor,Client,High,ENT002,Megan Mcclain,Vendor,Low
TX00238,ACC0031,ACC0050,14918.02,Refund,2026-05-28 11:18:07,Completed,Bank Export,ENT017,Devin Schaefer,Individual,Medium,ENT025,Ann Williams,Vendor,High
TX00239,ACC0041,ACC0013,12591.66,Refund,2026-05-28 11:15:21,Completed,Wallet Export,ENT020,Thomas Bradley,Vendor,Medium,ENT007,Moore-Bernard,Company,Low
TX00240,ACC0005,ACC0037,13763.01,Withdrawal,2026-05-28 11:13:50,Completed,Manual Report,ENT002,Megan Mcclain,Vendor,Low,ENT019,Andrew Stewart,Client,Low
TX00241,ACC0058,ACC0079,103.64,Transfer,2026-05-28 11:13:18,Completed,ERP,ENT028,Maddox-Valencia,Company,Low,ENT039,John Jones,Individual,Low
TX00242,ACC0028,ACC0020,8243.34,Deposit,2026-05-28 11:15:23,Flagged,Manual Report,ENT015,Mia Sutton,Client,Medium,ENT011,Stacey Ward,Client,Low
TX00243,ACC0015,ACC0037,3583.66,Transfer,2026-05-28 11:18:17,Completed,Wallet Export,ENT008,James Howard,Individual,Low,ENT019,Andrew Stewart,Client,Low
TX00244,ACC0054,ACC0082,11913.64,Withdrawal,2026-05-28 11:16:40,Completed,Bank Export,ENT027,James Ferrell,Individual,High,ENT040,Beth Keller,Client,Medium
TX00245,ACC0064,ACC0077,8052.41,Deposit,2026-05-28 11:09:55,Flagged,Wallet Export,ENT031,Moore-Smith,Company,Medium,ENT038,David Bradley,Individual,High
TX00246,ACC0019,ACC0038,6452.85,Deposit,2026-05-28 11:14:31,Completed,Wallet Export,ENT011,Stacey Ward,Client,Low,ENT019,Andrew Stewart,Client,Low
TX00247,ACC0074,ACC0054,2830.03,Transfer,2026-05-28 11:17:47,Flagged,ERP,ENT036,Fred Smith,Vendor,High,ENT027,James Ferrell,Individual,High
TX00248,ACC0009,ACC0068,8172.63,Deposit,2026-05-28 11:11:11,Flagged,Bank Export,ENT005,"Barnes, Cole and Ramirez",Company,High,ENT033,Ashley Garrett,Vendor,Low
TX00249,ACC0050,ACC0061,676.93,Withdrawal,2026-05-28 11:12:17,Completed,ERP,ENT025,Ann Williams,Vendor,High,ENT030,Mack-Peterson,Company,Low
TX00250,ACC0003,ACC0046,11833.09,Refund,2026-05-28 11:08:42,Completed,Bank Export,ENT002,Megan Mcclain,Vendor,Low,ENT022,Brenda Taylor,Client,High
TX00251,ACC0075,ACC0043,2022.81,Refund,2026-05-28 11:15:23,Flagged,ERP,ENT037,Koch-Decker,Company,High,ENT021,Matthew Foster,Vendor,Low
TX00252,ACC0023,ACC0060,14712.77,Withdrawal,2026-05-28 11:07:58,Completed,Wallet Export,ENT012,Amber Perez,Client,High,ENT029,Ashley Dyer,Individual,Medium
TX00253,ACC0009,ACC0059,578.83,Payment,2026-05-28 11:16:49,Completed,Wallet Export,ENT005,"Barnes, Cole and Ramirez",Company,High,ENT028,Maddox-Valencia,Company,Low
TX00254,ACC0006,ACC0041,14002.23,Deposit,2026-05-28 11:17:08,Pending,Manual Report,ENT003,Amanda Davis,Individual,Low,ENT020,Thomas Bradley,Vendor,Medium
TX00255,ACC0033,ACC0005,11305.53,Payment,2026-05-28 11:19:40,Completed,ERP,ENT017,Devin Schaefer,Individual,Medium,ENT002,Megan Mcclain,Vendor,Low
TX00256,ACC0007,ACC0043,4116.42,Refund,2026-05-28 11:19:23,Pending,Manual Report,ENT004,"Guzman, Hoffman and Baldwin",Company,High,ENT021,Matthew Foster,Vendor,Low
TX00257,ACC0057,ACC0050,5102.07,Payment,2026-05-28 11:11:18,Pending,Manual Report,ENT028,Maddox-Valencia,Company,Low,ENT025,Ann Williams,Vendor,High
TX00258,ACC0048,ACC0067,4019.14,Transfer,2026-05-28 11:14:09,Pending,Bank Export,ENT024,Cox-Osborn,Company,High,ENT033,Ashley Garrett,Vendor,Low
TX00259,ACC0056,ACC0078,14926.6,Payment,2026-05-28 11:15:18,Flagged,ERP,ENT027,James Ferrell,Individual,High,ENT038,David Bradley,Individual,High
TX00260,ACC0042,ACC0014,1224.03,Refund,2026-05-28 11:09:08,Completed,Manual Report,ENT020,Thomas Bradley,Vendor,Medium,ENT008,James Howard,Individual,Low
TX00261,ACC0078,ACC0055,2520.51,Withdrawal,2026-05-28 11:19:17,Completed,Manual Report,ENT038,David Bradley,Individual,High,ENT027,James Ferrell,Individual,High
TX00262,ACC0006,ACC0046,9232.4,Withdrawal,2026-05-28 11:13:35,Completed,Bank Export,ENT003,Amanda Davis,Individual,Low,ENT022,Brenda Taylor,Client,High
TX00263,ACC0010,ACC0082,6108.0,Deposit,2026-05-28 11:18:35,Completed,Bank Export,ENT006,Robert Wolfe,Client,Low,ENT040,Beth Keller,Client,Medium
TX00264,ACC0019,ACC0078,10179.38,Withdrawal,2026-05-28 11:13:18,Completed,Wallet Export,ENT011,Stacey Ward,Client,Low,ENT038,David Bradley,Individual,High
TX00265,ACC0009,ACC0031,11683.27,Refund,2026-05-28 11:19:16,Completed,Manual Report,ENT005,"Barnes, Cole and Ramirez",Company,High,ENT017,Devin Schaefer,Individual,Medium
TX00266,ACC0073,ACC0005,9086.3,Withdrawal,2026-05-28 11:10:04,Completed,ERP,ENT036,Fred Smith,Vendor,High,ENT002,Megan Mcclain,Vendor,Low
TX00267,ACC0057,ACC0010,8619.48,Deposit,2026-05-28 11:13:04,Completed,Manual Report,ENT028,Maddox-Valencia,Company,Low,ENT006,Robert Wolfe,Client,Low
TX00268,ACC0041,ACC0036,3762.93,Transfer,2026-05-28 11:16:36,Completed,Wallet Export,ENT020,Thomas Bradley,Vendor,Medium,ENT018,"Robinson, Nguyen and Tate",Company,Low
TX00269,ACC0064,ACC0067,5820.14,Deposit,2026-05-28 11:13:13,Completed,ERP,ENT031,Moore-Smith,Company,Medium,ENT033,Ashley Garrett,Vendor,Low
TX00270,ACC0034,ACC0058,3238.19,Deposit,2026-05-28 11:19:19,Completed,Manual Report,ENT018,"Robinson, Nguyen and Tate",Company,Low,ENT028,Maddox-Valencia,Company,Low
TX00271,ACC0026,ACC0016,2057.53,Transfer,2026-05-28 11:14:55,Pending,Wallet Export,ENT013,Dr. Sharon James,Vendor,Low,ENT009,"Baker, Williams and Stevens",Company,High
TX00272,ACC0057,ACC0012,12162.44,Refund,2026-05-28 11:13:31,Completed,Bank Export,ENT028,Maddox-Valencia,Company,Low,ENT007,Moore-Bernard,Company,Low
TX00273,ACC0071,ACC0070,4373.18,Refund,2026-05-28 11:14:49,Completed,Wallet Export,ENT035,Troy Nielsen,Individual,High,ENT035,Troy Nielsen,Individual,High
TX00274,ACC0047,ACC0066,3383.02,Payment,2026-05-28 11:19:50,Completed,Wallet Export,ENT023,"Ryan, Burgess and Patterson",Company,Medium,ENT032,Deborah Mason,Vendor,Medium
TX00275,ACC0064,ACC0004,5429.43,Deposit,2026-05-28 11:12:59,Completed,Manual Report,ENT031,Moore-Smith,Company,Medium,ENT002,Megan Mcclain,Vendor,Low
TX00276,ACC0071,ACC0017,9188.93,Transfer,2026-05-28 11:17:24,Completed,ERP,ENT035,Troy Nielsen,Individual,High,ENT009,"Baker, Williams and Stevens",Company,High
TX00277,ACC0051,ACC0062,7897.29,Withdrawal,2026-05-28 11:10:07,Flagged,Bank Export,ENT026,Christopher Becker,Vendor,High,ENT031,Moore-Smith,Company,Medium
TX00278,ACC0017,ACC0041,9644.02,Withdrawal,2026-05-28 11:11:13,Pending,ERP,ENT009,"Baker, Williams and Stevens",Company,High,ENT020,Thomas Bradley,Vendor,Medium
TX00279,ACC0017,ACC0071,9605.91,Payment,2026-05-28 11:15:07,Completed,Manual Report,ENT009,"Baker, Williams and Stevens",Company,High,ENT035,Troy Nielsen,Individual,High
TX00280,ACC0065,ACC0008,12475.08,Deposit,2026-05-28 11:19:17,Completed,ERP,ENT032,Deborah Mason,Vendor,Medium,ENT005,"Barnes, Cole and Ramirez",Company,High
TX00281,ACC0022,ACC0021,4856.84,Payment,2026-05-28 11:14:25,Completed,ERP,ENT012,Amber Perez,Client,High,ENT011,Stacey Ward,Client,Low
TX00282,ACC0011,ACC0033,2964.62,Deposit,2026-05-28 11:19:30,Completed,Wallet Export,ENT007,Moore-Bernard,Company,Low,ENT017,Devin Schaefer,Individual,Medium
TX00283,ACC0081,ACC0039,9226.06,Transfer,2026-05-28 11:10:55,Flagged,Wallet Export,ENT040,Beth Keller,Client,Medium,ENT019,Andrew Stewart,Client,Low
TX00284,ACC0076,ACC0075,2334.06,Deposit,2026-05-28 11:18:27,Flagged,ERP,ENT038,David Bradley,Individual,High,ENT037,Koch-Decker,Company,High
TX00285,ACC0073,ACC0006,12382.91,Transfer,2026-05-28 11:17:39,Completed,Bank Export,ENT036,Fred Smith,Vendor,High,ENT003,Amanda Davis,Individual,Low
TX00286,ACC0074,ACC0034,9775.67,Deposit,2026-05-28 11:13:05,Pending,Bank Export,ENT036,Fred Smith,Vendor,High,ENT018,"Robinson, Nguyen and Tate",Company,Low
TX00287,ACC0064,ACC0081,8195.02,Refund,2026-05-28 11:14:52,Pending,Wallet Export,ENT031,Moore-Smith,Company,Medium,ENT040,Beth Keller,Client,Medium
TX00288,ACC0052,ACC0039,6816.82,Transfer,2026-05-28 11:17:18,Completed,Manual Report,ENT026,Christopher Becker,Vendor,High,ENT019,Andrew Stewart,Client,Low
TX00289,ACC0054,ACC0062,6980.02,Refund,2026-05-28 11:07:57,Flagged,Wallet Export,ENT027,James Ferrell,Individual,High,ENT031,Moore-Smith,Company,Medium
TX00290,ACC0041,ACC0045,14631.23,Payment,2026-05-28 11:13:08,Completed,Bank Export,ENT020,Thomas Bradley,Vendor,Medium,ENT022,Brenda Taylor,Client,High
TX00291,ACC0041,ACC0031,7010.43,Refund,2026-05-28 11:12:50,Pending,Wallet Export,ENT020,Thomas Bradley,Vendor,Medium,ENT017,Devin Schaefer,Individual,Medium
TX00292,ACC0019,ACC0013,782.81,Withdrawal,2026-05-28 11:11:32,Flagged,Manual Report,ENT011,Stacey Ward,Client,Low,ENT007,Moore-Bernard,Company,Low
TX00293,ACC0032,ACC0021,12206.83,Deposit,2026-05-28 11:15:17,Completed,Wallet Export,ENT017,Devin Schaefer,Individual,Medium,ENT011,Stacey Ward,Client,Low
TX00294,ACC0021,ACC0064,14939.64,Withdrawal,2026-05-28 11:17:50,Pending,ERP,ENT011,Stacey Ward,Client,Low,ENT031,Moore-Smith,Company,Medium
TX00295,ACC0064,ACC0003,1373.49,Withdrawal,2026-05-28 11:18:18,Flagged,Manual Report,ENT031,Moore-Smith,Company,Medium,ENT002,Megan Mcclain,Vendor,Low
TX00296,ACC0031,ACC0028,8760.58,Transfer,2026-05-28 11:19:07,Completed,ERP,ENT017,Devin Schaefer,Individual,Medium,ENT015,Mia Sutton,Client,Medium
TX00297,ACC0064,ACC0077,13238.03,Withdrawal,2026-05-28 11:13:26,Completed,Bank Export,ENT031,Moore-Smith,Company,Medium,ENT038,David Bradley,Individual,High
TX00298,ACC0014,ACC0056,2030.68,Refund,2026-05-28 11:15:53,Completed,Manual Report,ENT008,James Howard,Individual,Low,ENT027,James Ferrell,Individual,High
TX00299,ACC0047,ACC0006,6023.71,Deposit,2026-05-28 11:15:29,Flagged,Wallet Export,ENT023,"Ryan, Burgess and Patterson",Company,Medium,ENT003,Amanda Davis,Individual,Low
TX00300,ACC0047,ACC0071,4346.81,Withdrawal,2026-05-28 11:15:29,Flagged,Manual Report,ENT023,"Ryan, Burgess and Patterson",Company,Medium,ENT035,Troy Nielsen,Individual,High
TX00301,ACC0071,ACC0036,12384.04,Deposit,2026-05-28 11:19:28,Flagged,Bank Export,ENT035,Troy Nielsen,Individual,High,ENT018,"Robinson, Nguyen and Tate",Company,Low
TX00302,ACC0017,ACC0013,5923.71,Refund,2026-05-28 11:11:35,Flagged,ERP,ENT009,"Baker, Williams and Stevens",Company,High,ENT007,Moore-Bernard,Company,Low
TX00303,ACC0019,ACC0026,9046.88,Withdrawal,2026-05-28 11:16:40,Flagged,Bank Export,ENT011,Stacey Ward,Client,Low,ENT013,Dr. Sharon James,Vendor,Low
TX00304,ACC0006,ACC0005,2077.12,Refund,2026-05-28 11:16:01,Pending,Manual Report,ENT003,Amanda Davis,Individual,Low,ENT002,Megan Mcclain,Vendor,Low
TX00305,ACC0020,ACC0078,13399.65,Payment,2026-05-28 11:10:50,Completed,ERP,ENT011,Stacey Ward,Client,Low,ENT038,David Bradley,Individual,High
TX00306,ACC0021,ACC0051,14859.47,Refund,2026-05-28 11:19:11,Flagged,ERP,ENT011,Stacey Ward,Client,Low,ENT026,Christopher Becker,Vendor,High
TX00307,ACC0065,ACC0066,7996.79,Deposit,2026-05-28 11:09:23,Completed,Manual Report,ENT032,Deborah Mason,Vendor,Medium,ENT032,Deborah Mason,Vendor,Medium
TX00308,ACC0003,ACC0048,4985.31,Transfer,2026-05-28 11:12:47,Pending,ERP,ENT002,Megan Mcclain,Vendor,Low,ENT024,Cox-Osborn,Company,High
TX00309,ACC0081,ACC0004,8963.72,Refund,2026-05-28 11:16:44,Flagged,Wallet Export,ENT040,Beth Keller,Client,Medium,ENT002,Megan Mcclain,Vendor,Low
TX00310,ACC0007,ACC0075,7219.72,Deposit,2026-05-28 11:19:16,Flagged,Manual Report,ENT004,"Guzman, Hoffman and Baldwin",Company,High,ENT037,Koch-Decker,Company,High
TX00311,ACC0019,ACC0032,497.77,Transfer,2026-05-28 11:18:45,Completed,Bank Export,ENT011,Stacey Ward,Client,Low,ENT017,Devin Schaefer,Individual,Medium
TX00312,ACC0057,ACC0041,6296.23,Withdrawal,2026-05-28 11:18:31,Completed,Manual Report,ENT028,Maddox-Valencia,Company,Low,ENT020,Thomas Bradley,Vendor,Medium
TX00313,ACC0065,ACC0079,13809.8,Transfer,2026-05-28 11:13:40,Completed,Wallet Export,ENT032,Deborah Mason,Vendor,Medium,ENT039,John Jones,Individual,Low
TX00314,ACC0072,ACC0042,14971.89,Withdrawal,2026-05-28 11:09:32,Flagged,Manual Report,ENT035,Troy Nielsen,Individual,High,ENT020,Thomas Bradley,Vendor,Medium
TX00315,ACC0041,ACC0023,6908.46,Deposit,2026-05-28 11:11:57,Completed,ERP,ENT020,Thomas Bradley,Vendor,Medium,ENT012,Amber Perez,Client,High
TX00316,ACC0034,ACC0079,7275.6,Payment,2026-05-28 11:19:25,Completed,ERP,ENT018,"Robinson, Nguyen and Tate",Company,Low,ENT039,John Jones,Individual,Low
TX00317,ACC0029,ACC0039,11573.33,Payment,2026-05-28 11:13:14,Pending,ERP,ENT015,Mia Sutton,Client,Medium,ENT019,Andrew Stewart,Client,Low
TX00318,ACC0062,ACC0045,8418.3,Refund,2026-05-28 11:11:47,Completed,Bank Export,ENT031,Moore-Smith,Company,Medium,ENT022,Brenda Taylor,Client,High
TX00319,ACC0074,ACC0070,5710.92,Withdrawal,2026-05-28 11:11:20,Completed,Wallet Export,ENT036,Fred Smith,Vendor,High,ENT035,Troy Nielsen,Individual,High
TX00320,ACC0038,ACC0006,4332.26,Transfer,2026-05-28 11:10:27,Completed,Manual Report,ENT019,Andrew Stewart,Client,Low,ENT003,Amanda Davis,Individual,Low
TX00321,ACC0033,ACC0062,3229.45,Deposit,2026-05-28 11:08:22,Completed,ERP,ENT017,Devin Schaefer,Individual,Medium,ENT031,Moore-Smith,Company,Medium
TX00322,ACC0018,ACC0014,9244.76,Deposit,2026-05-28 11:08:44,Completed,Wallet Export,ENT010,Jamie Arnold,Individual,High,ENT008,James Howard,Individual,Low
TX00323,ACC0007,ACC0068,3404.43,Payment,2026-05-28 11:12:07,Completed,Bank Export,ENT004,"Guzman, Hoffman and Baldwin",Company,High,ENT033,Ashley Garrett,Vendor,Low
TX00324,ACC0053,ACC0043,10767.44,Transfer,2026-05-28 11:16:03,Completed,Bank Export,ENT026,Christopher Becker,Vendor,High,ENT021,Matthew Foster,Vendor,Low
TX00325,ACC0071,ACC0021,6118.44,Withdrawal,2026-05-28 11:18:22,Pending,Wallet Export,ENT035,Troy Nielsen,Individual,High,ENT011,Stacey Ward,Client,Low
TX00326,ACC0037,ACC0042,4299.09,Transfer,2026-05-28 11:09:11,Completed,Wallet Export,ENT019,Andrew Stewart,Client,Low,ENT020,Thomas Bradley,Vendor,Medium
TX00327,ACC0069,ACC0005,13700.62,Payment,2026-05-28 11:15:43,Pending,Wallet Export,ENT034,Lisa Hernandez,Vendor,Medium,ENT002,Megan Mcclain,Vendor,Low
TX00328,ACC0005,ACC0051,11824.71,Payment,2026-05-28 11:15:01,Completed,Bank Export,ENT002,Megan Mcclain,Vendor,Low,ENT026,Christopher Becker,Vendor,High
TX00329,ACC0002,ACC0039,8530.23,Transfer,2026-05-28 11:18:41,Completed,ERP,ENT001,"Rodriguez, Figueroa and Sanchez",Company,Low,ENT019,Andrew Stewart,Client,Low
TX00330,ACC0059,ACC0070,7876.67,Payment,2026-05-28 11:17:46,Flagged,Manual Report,ENT028,Maddox-Valencia,Company,Low,ENT035,Troy Nielsen,Individual,High
TX00331,ACC0035,ACC0025,12136.99,Refund,2026-05-28 11:11:16,Completed,Manual Report,ENT018,"Robinson, Nguyen and Tate",Company,Low,ENT013,Dr. Sharon James,Vendor,Low
TX00332,ACC0033,ACC0024,235.91,Refund,2026-05-28 11:19:50,Completed,Wallet Export,ENT017,Devin Schaefer,Individual,Medium,ENT012,Amber Perez,Client,High
TX00333,ACC0023,ACC0079,12845.79,Withdrawal,2026-05-28 11:14:30,Pending,ERP,ENT012,Amber Perez,Client,High,ENT039,John Jones,Individual,Low
TX00334,ACC0012,ACC0052,10047.11,Payment,2026-05-28 11:16:23,Completed,Manual Report,ENT007,Moore-Bernard,Company,Low,ENT026,Christopher Becker,Vendor,High
TX00335,ACC0042,ACC0032,127.28,Withdrawal,2026-05-28 11:14:46,Completed,Manual Report,ENT020,Thomas Bradley,Vendor,Medium,ENT017,Devin Schaefer,Individual,Medium
TX00336,ACC0035,ACC0043,4546.64,Deposit,2026-05-28 11:12:06,Completed,ERP,ENT018,"Robinson, Nguyen and Tate",Company,Low,ENT021,Matthew Foster,Vendor,Low
TX00337,ACC0047,ACC0031,955.31,Transfer,2026-05-28 11:10:28,Pending,ERP,ENT023,"Ryan, Burgess and Patterson",Company,Medium,ENT017,Devin Schaefer,Individual,Medium
TX00338,ACC0021,ACC0052,10298.95,Refund,2026-05-28 11:19:08,Completed,ERP,ENT011,Stacey Ward,Client,Low,ENT026,Christopher Becker,Vendor,High
TX00339,ACC0048,ACC0079,3332.22,Payment,2026-05-28 11:19:41,Pending,Wallet Export,ENT024,Cox-Osborn,Company,High,ENT039,John Jones,Individual,Low
TX00340,ACC0059,ACC0078,5620.03,Deposit,2026-05-28 11:08:02,Pending,Wallet Export,ENT028,Maddox-Valencia,Company,Low,ENT038,David Bradley,Individual,High
TX00341,ACC0032,ACC0077,13100.2,Transfer,2026-05-28 11:09:46,Flagged,Manual Report,ENT017,Devin Schaefer,Individual,Medium,ENT038,David Bradley,Individual,High
TX00342,ACC0068,ACC0047,1194.59,Deposit,2026-05-28 11:15:12,Completed,Bank Export,ENT033,Ashley Garrett,Vendor,Low,ENT023,"Ryan, Burgess and Patterson",Company,Medium
TX00343,ACC0071,ACC0065,3052.3,Deposit,2026-05-28 11:11:41,Completed,Wallet Export,ENT035,Troy Nielsen,Individual,High,ENT032,Deborah Mason,Vendor,Medium
TX00344,ACC0042,ACC0067,6641.56,Payment,2026-05-28 11:10:57,Flagged,Manual Report,ENT020,Thomas Bradley,Vendor,Medium,ENT033,Ashley Garrett,Vendor,Low
TX00345,ACC0012,ACC0066,6696.1,Transfer,2026-05-28 11:19:49,Pending,Wallet Export,ENT007,Moore-Bernard,Company,Low,ENT032,Deborah Mason,Vendor,Medium
TX00346,ACC0066,ACC0054,6865.56,Transfer,2026-05-28 11:16:47,Flagged,Manual Report,ENT032,Deborah Mason,Vendor,Medium,ENT027,James Ferrell,Individual,High
TX00347,ACC0040,ACC0003,5954.33,Transfer,2026-05-28 11:15:52,Completed,Bank Export,ENT020,Thomas Bradley,Vendor,Medium,ENT002,Megan Mcclain,Vendor,Low
TX00348,ACC0006,ACC0055,5184.32,Transfer,2026-05-28 11:08:48,Flagged,Bank Export,ENT003,Amanda Davis,Individual,Low,ENT027,James Ferrell,Individual,High
TX00349,ACC0009,ACC0061,500.23,Withdrawal,2026-05-28 11:17:27,Completed,Wallet Export,ENT005,"Barnes, Cole and Ramirez",Company,High,ENT030,Mack-Peterson,Company,Low
TX00350,ACC0054,ACC0048,14893.03,Withdrawal,2026-05-28 11:12:12,Pending,Manual Report,ENT027,James Ferrell,Individual,High,ENT024,Cox-Osborn,Company,High
TX00351,ACC0049,ACC0011,10248.89,Deposit,2026-05-28 11:10:01,Completed,ERP,ENT024,Cox-Osborn,Company,High,ENT007,Moore-Bernard,Company,Low
TX00352,ACC0016,ACC0023,14892.88,Withdrawal,2026-05-28 11:15:44,Flagged,Wallet Export,ENT009,"Baker, Williams and Stevens",Company,High,ENT012,Amber Perez,Client,High
TX00353,ACC0029,ACC0001,11348.79,Refund,2026-05-28 11:10:13,Pending,Manual Report,ENT015,Mia Sutton,Client,Medium,ENT001,"Rodriguez, Figueroa and Sanchez",Company,Low
TX00354,ACC0069,ACC0049,12354.82,Payment,2026-05-28 11:15:52,Pending,ERP,ENT034,Lisa Hernandez,Vendor,Medium,ENT024,Cox-Osborn,Company,High
TX00355,ACC0020,ACC0036,2847.49,Transfer,2026-05-28 11:19:20,Completed,Manual Report,ENT011,Stacey Ward,Client,Low,ENT018,"Robinson, Nguyen and Tate",Company,Low
TX00356,ACC0079,ACC0003,3628.98,Transfer,2026-05-28 11:17:00,Completed,Bank Export,ENT039,John Jones,Individual,Low,ENT002,Megan Mcclain,Vendor,Low
TX00357,ACC0058,ACC0077,10088.55,Transfer,2026-05-28 11:17:29,Completed,Bank Export,ENT028,Maddox-Valencia,Company,Low,ENT038,David Bradley,Individual,High
TX00358,ACC0052,ACC0057,3534.23,Payment,2026-05-28 11:18:06,Completed,Wallet Export,ENT026,Christopher Becker,Vendor,High,ENT028,Maddox-Valencia,Company,Low
TX00359,ACC0065,ACC0038,3531.57,Deposit,2026-05-28 11:13:21,Completed,ERP,ENT032,Deborah Mason,Vendor,Medium,ENT019,Andrew Stewart,Client,Low
TX00360,ACC0031,ACC0039,13146.97,Deposit,2026-05-28 11:15:30,Completed,Manual Report,ENT017,Devin Schaefer,Individual,Medium,ENT019,Andrew Stewart,Client,Low
TX00361,ACC0039,ACC0036,937.84,Deposit,2026-05-28 11:18:24,Completed,Manual Report,ENT019,Andrew Stewart,Client,Low,ENT018,"Robinson, Nguyen and Tate",Company,Low
TX00362,ACC0072,ACC0064,727.09,Refund,2026-05-28 11:16:33,Pending,ERP,ENT035,Troy Nielsen,Individual,High,ENT031,Moore-Smith,Company,Medium
TX00363,ACC0054,ACC0053,2259.53,Withdrawal,2026-05-28 11:15:13,Completed,Manual Report,ENT027,James Ferrell,Individual,High,ENT026,Christopher Becker,Vendor,High
TX00364,ACC0031,ACC0029,4528.53,Payment,2026-05-28 11:17:18,Pending,Bank Export,ENT017,Devin Schaefer,Individual,Medium,ENT015,Mia Sutton,Client,Medium
TX00365,ACC0072,ACC0053,14517.6,Deposit,2026-05-28 11:15:33,Flagged,Wallet Export,ENT035,Troy Nielsen,Individual,High,ENT026,Christopher Becker,Vendor,High
TX00366,ACC0050,ACC0032,3843.56,Refund,2026-05-28 11:10:39,Completed,Manual Report,ENT025,Ann Williams,Vendor,High,ENT017,Devin Schaefer,Individual,Medium
TX00367,ACC0048,ACC0012,8046.14,Payment,2026-05-28 11:16:03,Completed,ERP,ENT024,Cox-Osborn,Company,High,ENT007,Moore-Bernard,Company,Low
TX00368,ACC0049,ACC0078,9053.76,Transfer,2026-05-28 11:15:37,Completed,Wallet Export,ENT024,Cox-Osborn,Company,High,ENT038,David Bradley,Individual,High
TX00369,ACC0062,ACC0027,13045.37,Refund,2026-05-28 11:12:22,Completed,Bank Export,ENT031,Moore-Smith,Company,Medium,ENT014,Holly Wood,Individual,High
TX00370,ACC0028,ACC0025,14432.11,Transfer,2026-05-28 11:12:10,Pending,Wallet Export,ENT015,Mia Sutton,Client,Medium,ENT013,Dr. Sharon James,Vendor,Low
TX00371,ACC0078,ACC0027,5964.57,Payment,2026-05-28 11:18:49,Flagged,ERP,ENT038,David Bradley,Individual,High,ENT014,Holly Wood,Individual,High
TX00372,ACC0037,ACC0049,7007.1,Refund,2026-05-28 11:12:40,Completed,ERP,ENT019,Andrew Stewart,Client,Low,ENT024,Cox-Osborn,Company,High
TX00373,ACC0047,ACC0066,13245.11,Withdrawal,2026-05-28 11:16:50,Completed,Manual Report,ENT023,"Ryan, Burgess and Patterson",Company,Medium,ENT032,Deborah Mason,Vendor,Medium
TX00374,ACC0041,ACC0027,5576.31,Withdrawal,2026-05-28 11:16:13,Completed,Wallet Export,ENT020,Thomas Bradley,Vendor,Medium,ENT014,Holly Wood,Individual,High
TX00375,ACC0019,ACC0003,3930.09,Deposit,2026-05-28 11:18:38,Flagged,Manual Report,ENT011,Stacey Ward,Client,Low,ENT002,Megan Mcclain,Vendor,Low
TX00376,ACC0038,ACC0020,2962.97,Payment,2026-05-28 11:12:01,Pending,Wallet Export,ENT019,Andrew Stewart,Client,Low,ENT011,Stacey Ward,Client,Low
TX00377,ACC0064,ACC0071,9827.75,Refund,2026-05-28 11:12:38,Completed,Manual Report,ENT031,Moore-Smith,Company,Medium,ENT035,Troy Nielsen,Individual,High
TX00378,ACC0063,ACC0059,2544.3,Refund,2026-05-28 11:15:27,Completed,Wallet Export,ENT031,Moore-Smith,Company,Medium,ENT028,Maddox-Valencia,Company,Low
TX00379,ACC0070,ACC0063,2781.12,Deposit,2026-05-28 11:09:16,Completed,Bank Export,ENT035,Troy Nielsen,Individual,High,ENT031,Moore-Smith,Company,Medium
TX00380,ACC0010,ACC0007,11470.97,Withdrawal,2026-05-28 11:12:49,Completed,Wallet Export,ENT006,Robert Wolfe,Client,Low,ENT004,"Guzman, Hoffman and Baldwin",Company,High
TX00381,ACC0009,ACC0020,161.89,Deposit,2026-05-28 11:11:57,Pending,ERP,ENT005,"Barnes, Cole and Ramirez",Company,High,ENT011,Stacey Ward,Client,Low
TX00382,ACC0008,ACC0080,9574.99,Deposit,2026-05-28 11:12:35,Pending,Manual Report,ENT005,"Barnes, Cole and Ramirez",Company,High,ENT039,John Jones,Individual,Low
TX00383,ACC0003,ACC0001,7994.88,Withdrawal,2026-05-28 11:13:40,Completed,Bank Export,ENT002,Megan Mcclain,Vendor,Low,ENT001,"Rodriguez, Figueroa and Sanchez",Company,Low
TX00384,ACC0068,ACC0036,8047.68,Refund,2026-05-28 11:13:24,Completed,Manual Report,ENT033,Ashley Garrett,Vendor,Low,ENT018,"Robinson, Nguyen and Tate",Company,Low
TX00385,ACC0023,ACC0014,13772.78,Deposit,2026-05-28 11:17:10,Completed,Wallet Export,ENT012,Amber Perez,Client,High,ENT008,James Howard,Individual,Low
TX00386,ACC0025,ACC0080,7908.68,Refund,2026-05-28 11:09:19,Completed,Manual Report,ENT013,Dr. Sharon James,Vendor,Low,ENT039,John Jones,Individual,Low
TX00387,ACC0011,ACC0048,14390.48,Withdrawal,2026-05-28 11:10:18,Flagged,Wallet Export,ENT007,Moore-Bernard,Company,Low,ENT024,Cox-Osborn,Company,High
TX00388,ACC0029,ACC0039,10268.52,Transfer,2026-05-28 11:10:31,Completed,Bank Export,ENT015,Mia Sutton,Client,Medium,ENT019,Andrew Stewart,Client,Low
TX00389,ACC0052,ACC0049,5673.11,Withdrawal,2026-05-28 11:11:53,Completed,Bank Export,ENT026,Christopher Becker,Vendor,High,ENT024,Cox-Osborn,Company,High
TX00390,ACC0022,ACC0011,7510.38,Withdrawal,2026-05-28 11:14:29,Completed,Bank Export,ENT012,Amber Perez,Client,High,ENT007,Moore-Bernard,Company,Low
TX00391,ACC0068,ACC0006,3465.75,Deposit,2026-05-28 11:19:47,Pending,ERP,ENT033,Ashley Garrett,Vendor,Low,ENT003,Amanda Davis,Individual,Low
TX00392,ACC0006,ACC0010,10274.32,Refund,2026-05-28 11:10:33,Flagged,Bank Export,ENT003,Amanda Davis,Individual,Low,ENT006,Robert Wolfe,Client,Low
TX00393,ACC0023,ACC0041,259.48,Payment,2026-05-28 11:11:36,Flagged,Wallet Export,ENT012,Amber Perez,Client,High,ENT020,Thomas Bradley,Vendor,Medium
TX00394,ACC0051,ACC0010,4506.67,Deposit,2026-05-28 11:09:02,Completed,Manual Report,ENT026,Christopher Becker,Vendor,High,ENT006,Robert Wolfe,Client,Low
TX00395,ACC0070,ACC0043,5773.1,Payment,2026-05-28 11:15:01,Completed,ERP,ENT035,Troy Nielsen,Individual,High,ENT021,Matthew Foster,Vendor,Low
TX00396,ACC0007,ACC0013,6570.4,Transfer,2026-05-28 11:14:54,Completed,Manual Report,ENT004,"Guzman, Hoffman and Baldwin",Company,High,ENT007,Moore-Bernard,Company,Low
TX00397,ACC0042,ACC0004,9520.99,Withdrawal,2026-05-28 11:13:35,Pending,Wallet Export,ENT020,Thomas Bradley,Vendor,Medium,ENT002,Megan Mcclain,Vendor,Low
TX00398,ACC0046,ACC0071,14118.61,Withdrawal,2026-05-28 11:17:12,Completed,Manual Report,ENT022,Brenda Taylor,Client,High,ENT035,Troy Nielsen,Individual,High
TX00399,ACC0011,ACC0080,4448.31,Payment,2026-05-28 11:15:54,Completed,Bank Export,ENT007,Moore-Bernard,Company,Low,ENT039,John Jones,Individual,Low
TX00400,ACC0035,ACC0020,5715.5,Payment,2026-05-28 11:15:02,Pending,ERP,ENT018,"Robinson, Nguyen and Tate",Company,Low,ENT011,Stacey Ward,Client,Low
TX00401,ACC0047,ACC0014,1395.52,Refund,2026-05-28 11:09:00,Pending,ERP,ENT023,"Ryan, Burgess and Patterson",Company,Medium,ENT008,James Howard,Individual,Low
TX00402,ACC0035,ACC0014,2009.29,Payment,2026-05-28 11:11:28,Pending,Manual Report,ENT018,"Robinson, Nguyen and Tate",Company,Low,ENT008,James Howard,Individual,Low
TX00403,ACC0072,ACC0066,6135.46,Transfer,2026-05-28 11:15:07,Completed,ERP,ENT035,Troy Nielsen,Individual,High,ENT032,Deborah Mason,Vendor,Medium
TX00404,ACC0071,ACC0012,8963.95,Refund,2026-05-28 11:14:35,Pending,Bank Export,ENT035,Troy Nielsen,Individual,High,ENT007,Moore-Bernard,Company,Low
TX00405,ACC0038,ACC0053,5832.3,Transfer,2026-05-28 11:17:55,Flagged,Wallet Export,ENT019,Andrew Stewart,Client,Low,ENT026,Christopher Becker,Vendor,High
TX00406,ACC0074,ACC0067,2564.5,Withdrawal,2026-05-28 11:19:49,Completed,Wallet Export,ENT036,Fred Smith,Vendor,High,ENT033,Ashley Garrett,Vendor,Low
TX00407,ACC0035,ACC0039,4044.39,Payment,2026-05-28 11:08:17,Completed,Wallet Export,ENT018,"Robinson, Nguyen and Tate",Company,Low,ENT019,Andrew Stewart,Client,Low
TX00408,ACC0056,ACC0036,6331.01,Withdrawal,2026-05-28 11:17:46,Completed,ERP,ENT027,James Ferrell,Individual,High,ENT018,"Robinson, Nguyen and Tate",Company,Low
TX00409,ACC0033,ACC0032,10820.47,Withdrawal,2026-05-28 11:14:26,Flagged,Wallet Export,ENT017,Devin Schaefer,Individual,Medium,ENT017,Devin Schaefer,Individual,Medium
TX00410,ACC0059,ACC0014,2053.96,Transfer,2026-05-28 11:16:05,Pending,ERP,ENT028,Maddox-Valencia,Company,Low,ENT008,James Howard,Individual,Low
TX00411,ACC0080,ACC0049,12066.05,Refund,2026-05-28 11:08:03,Pending,ERP,ENT039,John Jones,Individual,Low,ENT024,Cox-Osborn,Company,High
TX00412,ACC0056,ACC0077,2063.46,Refund,2026-05-28 11:13:57,Flagged,Wallet Export,ENT027,James Ferrell,Individual,High,ENT038,David Bradley,Individual,High
TX00413,ACC0062,ACC0041,2685.12,Withdrawal,2026-05-28 11:13:02,Completed,ERP,ENT031,Moore-Smith,Company,Medium,ENT020,Thomas Bradley,Vendor,Medium
TX00414,ACC0082,ACC0063,14517.25,Payment,2026-05-28 11:14:36,Completed,Manual Report,ENT040,Beth Keller,Client,Medium,ENT031,Moore-Smith,Company,Medium
TX00415,ACC0036,ACC0051,5491.11,Deposit,2026-05-28 11:15:06,Completed,Wallet Export,ENT018,"Robinson, Nguyen and Tate",Company,Low,ENT026,Christopher Becker,Vendor,High
TX00416,ACC0071,ACC0004,14296.24,Withdrawal,2026-05-28 11:17:08,Completed,Manual Report,ENT035,Troy Nielsen,Individual,High,ENT002,Megan Mcclain,Vendor,Low
TX00417,ACC0038,ACC0009,12289.01,Withdrawal,2026-05-28 11:17:16,Pending,Wallet Export,ENT019,Andrew Stewart,Client,Low,ENT005,"Barnes, Cole and Ramirez",Company,High
TX00418,ACC0082,ACC0039,3649.27,Payment,2026-05-28 11:18:14,Pending,Manual Report,ENT040,Beth Keller,Client,Medium,ENT019,Andrew Stewart,Client,Low
TX00419,ACC0010,ACC0058,14860.74,Withdrawal,2026-05-28 11:11:42,Flagged,Manual Report,ENT006,Robert Wolfe,Client,Low,ENT028,Maddox-Valencia,Company,Low
TX00420,ACC0069,ACC0065,13854.35,Withdrawal,2026-05-28 11:16:16,Flagged,Bank Export,ENT034,Lisa Hernandez,Vendor,Medium,ENT032,Deborah Mason,Vendor,Medium
TX00421,ACC0047,ACC0069,8917.45,Transfer,2026-05-28 11:11:41,Completed,Wallet Export,ENT023,"Ryan, Burgess and Patterson",Company,Medium,ENT034,Lisa Hernandez,Vendor,Medium
TX00422,ACC0046,ACC0022,9713.82,Transfer,2026-05-28 11:12:36,Flagged,Manual Report,ENT022,Brenda Taylor,Client,High,ENT012,Amber Perez,Client,High
TX00423,ACC0043,ACC0056,1611.52,Transfer,2026-05-28 11:15:23,Completed,Wallet Export,ENT021,Matthew Foster,Vendor,Low,ENT027,James Ferrell,Individual,High
TX00424,ACC0066,ACC0067,8380.95,Deposit,2026-05-28 11:16:14,Completed,Manual Report,ENT032,Deborah Mason,Vendor,Medium,ENT033,Ashley Garrett,Vendor,Low
TX00425,ACC0048,ACC0051,6959.37,Deposit,2026-05-28 11:08:26,Flagged,Wallet Export,ENT024,Cox-Osborn,Company,High,ENT026,Christopher Becker,Vendor,High
TX00426,ACC0045,ACC0004,7254.5,Refund,2026-05-28 11:14:35,Pending,Bank Export,ENT022,Brenda Taylor,Client,High,ENT002,Megan Mcclain,Vendor,Low
TX00427,ACC0015,ACC0019,5241.22,Refund,2026-05-28 11:13:41,Pending,Wallet Export,ENT008,James Howard,Individual,Low,ENT011,Stacey Ward,Client,Low
TX00428,ACC0067,ACC0062,5240.8,Transfer,2026-05-28 11:19:21,Pending,Manual Report,ENT033,Ashley Garrett,Vendor,Low,ENT031,Moore-Smith,Company,Medium
TX00429,ACC0041,ACC0009,4521.45,Transfer,2026-05-28 11:19:32,Completed,ERP,ENT020,Thomas Bradley,Vendor,Medium,ENT005,"Barnes, Cole and Ramirez",Company,High
TX00430,ACC0014,ACC0022,13950.59,Payment,2026-05-28 11:14:51,Flagged,Wallet Export,ENT008,James Howard,Individual,Low,ENT012,Amber Perez,Client,High
TX00431,ACC0071,ACC0021,4981.57,Withdrawal,2026-05-28 11:10:46,Pending,Wallet Export,ENT035,Troy Nielsen,Individual,High,ENT011,Stacey Ward,Client,Low
TX00432,ACC0052,ACC0081,2787.17,Withdrawal,2026-05-28 11:15:55,Pending,Bank Export,ENT026,Christopher Becker,Vendor,High,ENT040,Beth Keller,Client,Medium
TX00433,ACC0079,ACC0026,6757.39,Withdrawal,2026-05-28 11:10:07,Pending,Bank Export,ENT039,John Jones,Individual,Low,ENT013,Dr. Sharon James,Vendor,Low
TX00434,ACC0028,ACC0027,4193.21,Transfer,2026-05-28 11:18:34,Flagged,Bank Export,ENT015,Mia Sutton,Client,Medium,ENT014,Holly Wood,Individual,High
TX00435,ACC0069,ACC0024,5502.75,Payment,2026-05-28 11:17:03,Pending,Bank Export,ENT034,Lisa Hernandez,Vendor,Medium,ENT012,Amber Perez,Client,High
TX00436,ACC0034,ACC0063,7927.53,Refund,2026-05-28 11:08:24,Flagged,Manual Report,ENT018,"Robinson, Nguyen and Tate",Company,Low,ENT031,Moore-Smith,Company,Medium
TX00437,ACC0079,ACC0051,8815.4,Refund,2026-05-28 11:14:40,Completed,Manual Report,ENT039,John Jones,Individual,Low,ENT026,Christopher Becker,Vendor,High
TX00438,ACC0080,ACC0023,12210.73,Refund,2026-05-28 11:18:03,Flagged,Bank Export,ENT039,John Jones,Individual,Low,ENT012,Amber Perez,Client,High
TX00439,ACC0018,ACC0041,1789.98,Refund,2026-05-28 11:17:34,Completed,Wallet Export,ENT010,Jamie Arnold,Individual,High,ENT020,Thomas Bradley,Vendor,Medium
TX00440,ACC0048,ACC0019,7674.6,Withdrawal,2026-05-28 11:19:15,Flagged,Wallet Export,ENT024,Cox-Osborn,Company,High,ENT011,Stacey Ward,Client,Low
TX00441,ACC0074,ACC0050,6360.01,Withdrawal,2026-05-28 11:08:24,Flagged,Wallet Export,ENT036,Fred Smith,Vendor,High,ENT025,Ann Williams,Vendor,High
TX00442,ACC0072,ACC0022,7357.39,Payment,2026-05-28 11:09:22,Completed,ERP,ENT035,Troy Nielsen,Individual,High,ENT012,Amber Perez,Client,High
TX00443,ACC0058,ACC0080,827.83,Refund,2026-05-28 11:18:55,Completed,Manual Report,ENT028,Maddox-Valencia,Company,Low,ENT039,John Jones,Individual,Low
TX00444,ACC0018,ACC0025,12232.86,Deposit,2026-05-28 11:15:15,Flagged,Manual Report,ENT010,Jamie Arnold,Individual,High,ENT013,Dr. Sharon James,Vendor,Low
TX00445,ACC0053,ACC0063,6249.07,Withdrawal,2026-05-28 11:10:15,Pending,Wallet Export,ENT026,Christopher Becker,Vendor,High,ENT031,Moore-Smith,Company,Medium
TX00446,ACC0011,ACC0073,487.14,Payment,2026-05-28 11:15:49,Completed,Bank Export,ENT007,Moore-Bernard,Company,Low,ENT036,Fred Smith,Vendor,High
TX00447,ACC0036,ACC0029,8075.69,Payment,2026-05-28 11:11:03,Pending,Manual Report,ENT018,"Robinson, Nguyen and Tate",Company,Low,ENT015,Mia Sutton,Client,Medium
TX00448,ACC0071,ACC0066,1720.33,Transfer,2026-05-28 11:08:48,Completed,ERP,ENT035,Troy Nielsen,Individual,High,ENT032,Deborah Mason,Vendor,Medium
TX00449,ACC0070,ACC0006,11406.06,Withdrawal,2026-05-28 11:12:23,Flagged,Wallet Export,ENT035,Troy Nielsen,Individual,High,ENT003,Amanda Davis,Individual,Low
TX00450,ACC0055,ACC0014,11046.43,Payment,2026-05-28 11:14:25,Completed,Bank Export,ENT027,James Ferrell,Individual,High,ENT008,James Howard,Individual,Low
TX00451,ACC0058,ACC0034,5244.94,Transfer,2026-05-28 11:13:32,Pending,Bank Export,ENT028,Maddox-Valencia,Company,Low,ENT018,"Robinson, Nguyen and Tate",Company,Low
TX00452,ACC0031,ACC0027,12165.27,Deposit,2026-05-28 11:11:33,Completed,Manual Report,ENT017,Devin Schaefer,Individual,Medium,ENT014,Holly Wood,Individual,High
TX00453,ACC0022,ACC0079,2110.04,Payment,2026-05-28 11:15:42,Completed,Bank Export,ENT012,Amber Perez,Client,High,ENT039,John Jones,Individual,Low
TX00454,ACC0073,ACC0045,7995.9,Deposit,2026-05-28 11:13:31,Flagged,Wallet Export,ENT036,Fred Smith,Vendor,High,ENT022,Brenda Taylor,Client,High
TX00455,ACC0042,ACC0038,4357.77,Refund,2026-05-28 11:13:42,Flagged,Bank Export,ENT020,Thomas Bradley,Vendor,Medium,ENT019,Andrew Stewart,Client,Low
TX00456,ACC0018,ACC0053,13783.56,Refund,2026-05-28 11:14:25,Completed,Wallet Export,ENT010,Jamie Arnold,Individual,High,ENT026,Christopher Becker,Vendor,High
TX00457,ACC0032,ACC0019,10678.14,Payment,2026-05-28 11:12:41,Pending,Manual Report,ENT017,Devin Schaefer,Individual,Medium,ENT011,Stacey Ward,Client,Low
TX00458,ACC0019,ACC0074,9495.22,Withdrawal,2026-05-28 11:15:08,Pending,Manual Report,ENT011,Stacey Ward,Client,Low,ENT036,Fred Smith,Vendor,High
TX00459,ACC0010,ACC0082,11924.11,Transfer,2026-05-28 11:12:15,Pending,ERP,ENT006,Robert Wolfe,Client,Low,ENT040,Beth Keller,Client,Medium
TX00460,ACC0048,ACC0059,14255.05,Refund,2026-05-28 11:09:20,Flagged,Bank Export,ENT024,Cox-Osborn,Company,High,ENT028,Maddox-Valencia,Company,Low
TX00461,ACC0012,ACC0059,9531.74,Refund,2026-05-28 11:15:58,Completed,Manual Report,ENT007,Moore-Bernard,Company,Low,ENT028,Maddox-Valencia,Company,Low
TX00462,ACC0028,ACC0055,12377.09,Withdrawal,2026-05-28 11:08:16,Completed,ERP,ENT015,Mia Sutton,Client,Medium,ENT027,James Ferrell,Individual,High
TX00463,ACC0037,ACC0044,8220.98,Payment,2026-05-28 11:17:09,Flagged,Manual Report,ENT019,Andrew Stewart,Client,Low,ENT022,Brenda Taylor,Client,High
TX00464,ACC0044,ACC0007,713.0,Withdrawal,2026-05-28 11:08:50,Completed,Bank Export,ENT022,Brenda Taylor,Client,High,ENT004,"Guzman, Hoffman and Baldwin",Company,High
TX00465,ACC0021,ACC0057,6861.36,Withdrawal,2026-05-28 11:13:55,Completed,Wallet Export,ENT011,Stacey Ward,Client,Low,ENT028,Maddox-Valencia,Company,Low
TX00466,ACC0039,ACC0021,13119.49,Refund,2026-05-28 11:11:46,Completed,ERP,ENT019,Andrew Stewart,Client,Low,ENT011,Stacey Ward,Client,Low
TX00467,ACC0033,ACC0011,5593.36,Payment,2026-05-28 11:19:02,Completed,Manual Report,ENT017,Devin Schaefer,Individual,Medium,ENT007,Moore-Bernard,Company,Low
TX00468,ACC0081,ACC0040,10896.68,Payment,2026-05-28 11:09:07,Pending,Bank Export,ENT040,Beth Keller,Client,Medium,ENT020,Thomas Bradley,Vendor,Medium
TX00469,ACC0013,ACC0001,3220.98,Transfer,2026-05-28 11:19:04,Completed,Wallet Export,ENT007,Moore-Bernard,Company,Low,ENT001,"Rodriguez, Figueroa and Sanchez",Company,Low
TX00470,ACC0067,ACC0057,164.07,Refund,2026-05-28 11:08:38,Completed,Manual Report,ENT033,Ashley Garrett,Vendor,Low,ENT028,Maddox-Valencia,Company,Low
TX00471,ACC0017,ACC0062,1085.65,Withdrawal,2026-05-28 11:08:28,Completed,Bank Export,ENT009,"Baker, Williams and Stevens",Company,High,ENT031,Moore-Smith,Company,Medium
TX00472,ACC0014,ACC0041,5529.24,Refund,2026-05-28 11:12:10,Completed,Manual Report,ENT008,James Howard,Individual,Low,ENT020,Thomas Bradley,Vendor,Medium
TX00473,ACC0018,ACC0019,1049.46,Deposit,2026-05-28 11:11:21,Completed,Wallet Export,ENT010,Jamie Arnold,Individual,High,ENT011,Stacey Ward,Client,Low
TX00474,ACC0057,ACC0045,10843.42,Payment,2026-05-28 11:08:17,Pending,Manual Report,ENT028,Maddox-Valencia,Company,Low,ENT022,Brenda Taylor,Client,High
TX00475,ACC0028,ACC0012,13451.48,Payment,2026-05-28 11:18:33,Completed,Manual Report,ENT015,Mia Sutton,Client,Medium,ENT007,Moore-Bernard,Company,Low
TX00476,ACC0045,ACC0055,4734.69,Payment,2026-05-28 11:10:33,Completed,ERP,ENT022,Brenda Taylor,Client,High,ENT027,James Ferrell,Individual,High
TX00477,ACC0011,ACC0032,8312.11,Deposit,2026-05-28 11:12:01,Flagged,ERP,ENT007,Moore-Bernard,Company,Low,ENT017,Devin Schaefer,Individual,Medium
TX00478,ACC0004,ACC0039,3101.55,Deposit,2026-05-28 11:10:06,Flagged,Wallet Export,ENT002,Megan Mcclain,Vendor,Low,ENT019,Andrew Stewart,Client,Low
TX00479,ACC0051,ACC0038,9701.39,Payment,2026-05-28 11:16:01,Pending,Manual Report,ENT026,Christopher Becker,Vendor,High,ENT019,Andrew Stewart,Client,Low
TX00480,ACC0015,ACC0031,7506.25,Deposit,2026-05-28 11:19:22,Completed,Bank Export,ENT008,James Howard,Individual,Low,ENT017,Devin Schaefer,Individual,Medium
TX00481,ACC0047,ACC0041,2001.44,Deposit,2026-05-28 11:09:54,Pending,ERP,ENT023,"Ryan, Burgess and Patterson",Company,Medium,ENT020,Thomas Bradley,Vendor,Medium
TX00482,ACC0070,ACC0023,11446.82,Transfer,2026-05-28 11:17:34,Completed,Bank Export,ENT035,Troy Nielsen,Individual,High,ENT012,Amber Perez,Client,High
TX00483,ACC0002,ACC0034,3255.75,Transfer,2026-05-28 11:11:40,Pending,ERP,ENT001,"Rodriguez, Figueroa and Sanchez",Company,Low,ENT018,"Robinson, Nguyen and Tate",Company,Low
TX00484,ACC0081,ACC0065,11512.47,Withdrawal,2026-05-28 11:15:53,Pending,Bank Export,ENT040,Beth Keller,Client,Medium,ENT032,Deborah Mason,Vendor,Medium
TX00485,ACC0082,ACC0069,8076.39,Payment,2026-05-28 11:19:53,Completed,Bank Export,ENT040,Beth Keller,Client,Medium,ENT034,Lisa Hernandez,Vendor,Medium
TX00486,ACC0040,ACC0011,7681.79,Payment,2026-05-28 11:12:19,Completed,ERP,ENT020,Thomas Bradley,Vendor,Medium,ENT007,Moore-Bernard,Company,Low
TX00487,ACC0051,ACC0076,9523.56,Transfer,2026-05-28 11:14:14,Completed,Manual Report,ENT026,Christopher Becker,Vendor,High,ENT038,David Bradley,Individual,High
TX00488,ACC0031,ACC0008,3686.08,Withdrawal,2026-05-28 11:10:48,Completed,Manual Report,ENT017,Devin Schaefer,Individual,Medium,ENT005,"Barnes, Cole and Ramirez",Company,High
TX00489,ACC0079,ACC0078,849.05,Payment,2026-05-28 11:18:17,Completed,Bank Export,ENT039,John Jones,Individual,Low,ENT038,David Bradley,Individual,High
TX00490,ACC0018,ACC0002,2478.39,Refund,2026-05-28 11:18:18,Flagged,ERP,ENT010,Jamie Arnold,Individual,High,ENT001,"Rodriguez, Figueroa and Sanchez",Company,Low
TX00491,ACC0022,ACC0048,1925.79,Refund,2026-05-28 11:09:54,Completed,Bank Export,ENT012,Amber Perez,Client,High,ENT024,Cox-Osborn,Company,High
TX00492,ACC0043,ACC0055,4097.91,Transfer,2026-05-28 11:10:44,Completed,Bank Export,ENT021,Matthew Foster,Vendor,Low,ENT027,James Ferrell,Individual,High
TX00493,ACC0064,ACC0059,7673.96,Transfer,2026-05-28 11:13:15,Pending,Wallet Export,ENT031,Moore-Smith,Company,Medium,ENT028,Maddox-Valencia,Company,Low
TX00494,ACC0048,ACC0021,3845.36,Transfer,2026-05-28 11:09:47,Flagged,Bank Export,ENT024,Cox-Osborn,Company,High,ENT011,Stacey Ward,Client,Low
TX00495,ACC0030,ACC0066,63.46,Transfer,2026-05-28 11:17:49,Completed,Bank Export,ENT016,Carolyn Daniel,Vendor,Low,ENT032,Deborah Mason,Vendor,Medium
TX00496,ACC0061,ACC0047,5760.12,Payment,2026-05-28 11:08:23,Completed,Bank Export,ENT030,Mack-Peterson,Company,Low,ENT023,"Ryan, Burgess and Patterson",Company,Medium
TX00497,ACC0071,ACC0054,3387.12,Payment,2026-05-28 11:13:16,Pending,ERP,ENT035,Troy Nielsen,Individual,High,ENT027,James Ferrell,Individual,High
TX00498,ACC0035,ACC0010,8583.75,Transfer,2026-05-28 11:17:46,Flagged,Bank Export,ENT018,"Robinson, Nguyen and Tate",Company,Low,ENT006,Robert Wolfe,Client,Low
TX00499,ACC0023,ACC0029,12069.96,Transfer,2026-05-28 11:19:30,Pending,Bank Export,ENT012,Amber Perez,Client,High,ENT015,Mia Sutton,Client,Medium
TX00500,ACC0060,ACC0037,11608.57,Refund,2026-05-28 11:14:21,Completed,Bank Export,ENT029,Ashley Dyer,Individual,Medium,ENT019,Andrew Stewart,Client,Low
